Influencer_Insta_Name,Influencer_Name,
433,433,
__youngbae__,TAEYANG,
_agentgirl_,ĞĞĞ¡Ğ¢Ğ¯ Ğ˜Ğ’Ğ›Ğ•Ğ•Ğ’Ğ,
_imyour_joy,Joy,
_jeongjaehyun,Jaehyun,
_mariahwasa,HWASA,
_rl9,Robert Lewandowski,
_seorina,á„‰á…¥á†¯á„‹á…µá†«á„‹á…¡ sá´‡á´Ê€ÉªÉ´á´€,
_shotaroo_,SHOTARO ã‚·ãƒ§ã‚¦ã‚¿ãƒ­ã‚¦,
03_hu,á„‡á…¡á†¨á„Œá…µá„’á…®,
21savage,,
333cyj333,Ars ğŸ—,
3gerardpique,Gerard PiqueÌ,
433,AishwaryaRaiBachchan,
__youngbae__,ğ”¸ ğ•€ ğ•Š ğ•ƒ ğ•€ â„• â„•  ğ•• ğ•– ğ•£ ğ•“ ğ•– ğ•«,
_agentgirl_,Akshay Kumar,
_imyour_joy,Alejandro Speitzer,
_jeongjaehyun,AleÌ‚ Oliveira,
_mariahwasa,,
_rl9,alexandra daddario,
_seorina,Sanchez Alexis,
_shotaroo_,Alexis Ren,
03_hu,Alfinetadas Dos Famosos ğŸ“Œ,
21savage,Alia Bhatt ğŸ¤â˜€ï¸,
333cyj333,Ali Daei,
3gerardpique,Ali Karimi,
adinross,Alisha Lehmann,
aespa_official,Allu Arjun,
agustd,Alok,
aishwaryaraibachchan_arb,AÌlvaro Morata,
aislinnderbez,ğ”¸ ğ•€ ğ•Š ğ•ƒ ğ•€ â„• â„•  ğ•• ğ•– ğ•£ ğ•“ ğ•– ğ•«,
akshaykumar,Akshay Kumar,
alejandrospeitzer,Alejandro Speitzer,
aleoliveiracm,AleÌ‚ Oliveira,
alexademie,,
alexandradaddario,alexandra daddario,
alexis_officia1,Sanchez Alexis,
alexisren,Alexis Ren,
alfinetei,Alfinetadas Dos Famosos ğŸ“Œ,
aliaabhatt,Alia Bhatt ğŸ¤â˜€ï¸,
alidaei,Ali Daei,
aliiiiiiiikarimi8,Ali Karimi,
alishalehmann7,Alisha Lehmann,
alluarjunonline,AÌlvaro Morata,
alvaromorata,Akshay Kumar,
alvaromorte,Alejandro Speitzer,
alvxaro,AleÌ‚ Oliveira,
amadorat,alexandra daddario,
amandacerny,Sanchez Alexis,
amandamanopo,Alexis Ren,
amarantavp,Alfinetadas Dos Famosos ğŸ“Œ,
amauryguichon,Alia Bhatt ğŸ¤â˜€ï¸,
amitabhbachchan,Ali Daei,
amybethmcnulty,Ali Karimi,
ana_d_armas,Alisha Lehmann,
ananyapanday,Allu Arjun,
anasmarwah,Alok,
andreavaldirisos,AÌlvaro Morata,
andresiniesta8,Andres Iniesta,
angela_aguilar_,AÌngela Aguilar ğŸ‡²ğŸ‡½,
angeldimariajm,AÌngel Di MariÌa,
angelinajolie,Angelina Jolie,
angelinajolie,Angelina Jolie,
angeliqueboyer,Angelique Boyer,
angelrai07,Angel Rai :),
anguscloud,Angus Cloud,
anitta,Anitta ğŸ¤,
anjimaxuofficially,Anjali Arora,
annakendrick47,Anna Kendrick,
annecurtissmith,Anne Curtis,
annehathaway,Anne Hathaway,
annemarie,ANNE-MARIE,
ansufati,Ansu Fati,
anthonyjoshua,Throwback Fighter ğŸ§ ,
antogriezmann,Antoine Griezmann,
antonelaroccuzzo,Antonela Roccuzzo,
anuel,â€œREAL HASTA LA MUERTEâ€,
anupamaparameswaran96,Anupama Parameswaran,
anushkasen0408,Anushka Sen,
anushkasharma,AnushkaSharma1588,
anyageraldine,anya geraldine,
anyataylorjoy,Anya Taylor-Joy,
aoc,Alexandria Ocasio-Cortez,
apple,apple,
araikgalstyanmoscowschool,ï¼¡ï¼²ï¼¡ï¼©ï¼«  ï¼§ï¼¡ï¼¬ï¼³ï¼´ï¼¹ï¼¡ï¼®Â®ï¸,
arianagrande,Ariana Grande,
arigameplays,ARIGAMEPLAYS,
arishfakhan138,Sayyed Arishfa Khan ğŸ’,
arminzareeiofficial,Armin Zareei,
aron.piper,ARONğŸŒœğŸŒ,
arsenal,Arsenal Official,
arthuraguiar,Arthur Aguiar,
asalamaleh,Asala Maleh,
asaprocky,GRIM,
ashishchanchlani,Ashish Chanchlani,
ashleybenson,Ashley Benson,
ashleygraham,A S H L E Y  G R A H A M,
aslisona,Sonakshi Sinha,
ateez_official_,ATEEZ(ì—ì´í‹°ì¦ˆ),
attahalilintar,Atta Halilintar - PAPATA,
auba,Pierre-Emerick Aubameyang,
aum_patchrapa,Patchrapa Chai,
aurelie.hermansyah,Aurelie Hermansyah Atta,
avani,avani,
avneetkaur_13,Avneet Kaur Official,
avrillavigne,Avril Lavigne,
awez_darbar,Awez Darbar,
aykutelmas,Aykut Elmas,
badbunnypr,,
badgalriri,badgalriri,
baifernbah,baifernbah,
bambam1a,BamBam,
barackobama,Barack Obama,
barbieferreira,barbie ferreira,
bbrightvc,bright,
bclsinclair,Bunga Citra Lestari,
beberexha,Bebe Rexha,
bebytsabina,Cut Beby Tshabina,
beingsalmankhan,Salman Khan,
belindapop,Beli,
bellahadid,Bella ğŸ¦‹,
bellapoarch,Bella Poarch,
bellathorne,BELLA,
bernardokath,Kathryn Bernardo ğŸ˜,
beyonce,BeyonceÌ,
bhadbhabie,â„¬ğ’½ğ’¶ğ’·ğ’¾â„¯ğŸ¦‹,
bhuvan.bam22,Bhuvan Bam,
bianca,BOCA ROSA,
bibisbeautypalace,! Bibi,
bighit_ent,BigHit Music Updates,
bigsean,BIGSEAN,
billieeilish,BILLIE EILISH,
bizarrap,BZRP,
blackpinkofficial,BLÎ›Æ†KPIĞ˜K,
blakelively,Blake Lively,
bleacherreport,Bleacher Report,
blythe,Andrea Brillantes,
bmw,BMW,
bn_sj2013,á„‡á…¡á†¨á„‰á…¥á„Œá…®á†«,
bobbyindaeyo,ğŸ’€,
borodylia,ĞšÑĞµĞ½Ğ¸Ñ Ğ‘Ğ¾Ñ€Ğ¾Ğ´Ğ¸Ğ½Ğ°,
bramastavrl,Verrell Bramasta,
brentrivera,Brent Rivera,
bretmanrock,Bretman (Da Baddest) Rock,
brfootball,Bleacher Report Football,
briandadeyanara,BRIANDA ğŸ’–,
brianmaps,Ğ‘Ñ€Ğ°Ğ¸Ì†Ğ½ ĞœĞ°Ğ¿Ñ (ĞœĞ°ĞºÑ Ğ¢Ğ°Ñ€Ğ°ÑĞµĞ½ĞºĞ¾),
britneyspears,Britney Spears,
brunamarquezine,Bruna Marquezine,
brunomars,Bruno Mars,
brycehall,Bryce Hall,
bts.bighitofficial,BTS official,
bugatti,BUGATTI,
bumkeyk,SHINee KEY,
burakozcivit,Burak OÌˆzcÌ§ivit,
burcuozberk,Burcu OÌˆzberk,
bypamella,BY PAMELLA âœ¨ğŸ§¿,
c.syresmith,Jaden Smith,
camerondallas,Cameron Dallas,
camila_cabello,camila,
camilaloures,Camila Loures,
camilladelucas,Camilla de Lucas,
camilo,C A M I L O,
camimendes,camila mendes,
canelo,Saul Alvarez,
canyaman,Can Yaman,
caradelevingne,Cara Delevingne,
carlinhosmaiaof,Carlinhos MaiağŸŒ»,
carryminati,ğ‘¨ğ’‹ğ’†ğ’š ğ‘µğ’‚ğ’ˆğ’‚ğ’“,
casemiro,Casemiro,
caviarmagnat,by Tregubov,
cazzu,â™¡ ğ–“ğ–Šğ–“ğ–† á´›Ê€á´€á´á´˜á´€,
cbum,Chris Bumstead,
celestebarber,Celeste Barber,
chaelincl,CL,
championsleague,UEFA Champions League,
channingtatum,Channing Tatum,
charles_leclerc,Charles Leclerc,
charlidamelio,cd,
charlieputh,Charlie Puth,
chelseafc,Chelsea FC,
chiaraferragni,Chiara Ferragni âœ¨,
chloegmoretz,ChloÃ« Grace Moretz,
choi_seung_hyun_tttop,T.O.P,
choquei,CHOQUEI - BBB22,
chrisbrownofficial,BREEZY,
chrisevans,Chris Evans,
chrishemsworth,Chris Hemsworth,
chrissyteigen,chrissy teigen,
ciara,Ciara,
claaragalle,Clara GalleğŸŒ€,
claireholt,Claire Holt,
claragnds,Maria Clara Garcia,
clean_0828,á„€á…µá†·á„‰á…¦á„Œá…¥á†¼,
cocielo,JuÌlio Cocielo Estaniecki,
coldplay,Coldplay,
cole.labrant,Cole LaBrant,
colesprouse,Cole Sprouse,
colleen,Colleen Ballinger,
conangray,Conan Gray,
courteneycoxofficial,Courteney Cox,
cristiano,Cristiano Ronaldo,
cvillaloboss,CARMEN VILLALOBOS,
cznburak,Burak OÌˆzdemir,
d_a___m_i,KIM DA MI,
d_degeaofficial,David De Gea,
daddyyankee,Daddy Yankee,
dagelan,Dagelan,
danbilzerian,Dan Bilzerian,
danialves,Daniel Alves,
daniel.k.here,Daniel Kang,
danielricciardo,Daniel Ricciardo,
dannapaola,Danna Paola,
daquan,Daquan,
darshanravaldz,Darshan Raval #Goriye,
dava_m,Ğ”Ğ°Ğ²Ğ° â“‚ï¸ Ğ’ÑĞµÌˆ Ğ±ÑƒĞ´ĞµÑ‚ Ñ…Ğ¾Ñ€Ğ¾ÑˆĞ¾ğŸ§¸,
davidalaba,David Alaba,
davidbeckham,David Beckham,
davidluiz23,David Luiz,
davido,Davido,
davidwarner31,David Warner,
davikah,davikah,
dbook,Devin,
ddlovato,Demi Lovato,
dean.schneider,Dean Schneider,
dearra,De'arra Taylor,
debbyryan,Debby Ryan,
deepikapadukone,Deepika Padukone,
deiveleonardo,Deive Leonardo,
demetozdemir,Demet OÌˆzdemir,
demirose,Demi ğŸŒ¹,
dew_jsu,2000,
dhanushkraja,Dhanush,
diddy,LOVE,
diljitdosanjh,DILJIT DOSANJH,
dindahw,Dinda Hauw,
dishapatani,disha patani (paatni) ğŸ¦‹,
divyankatripathidahiya,Divyanka Tripathi Dahiya,
dixiedamelio,dixie,
djokernole,Novak Djokovic,
djsnake,djsnake,
djxiao_888,XIAOJUN,
dkharbour,David Harbour,
dlwlrma,á„‹á…µá„Œá…µá„€á…³á†· IU,
dntlrdl,CHOIWOOSHIK,
do0_nct,Doyoung,
dojacat,Doja Cat,
domelipa,domelipa,
dominicfike,,
donya,Donya,
dovecameron,DOVE,
dqsalmaan,Dulquer Salmaan,
dra.deolanebezerra,Deolane Bezerra,
drewstarkey,Drew Starkey,
dualipa,DUA LIPA,
dudewithsign,Seth,
dukeandduchessofcambridge,Duke and Duchess of Cambridge,
dukissj,Ya Supiste,
dylanminnette,Dylan Minnette,
dylansprouse,Dylan Sprouse,
e_milygarcia,Emily Garcia,
earthpix,ğŸŒ  EarthPix  ğŸŒ,
easportsfifa,EA SPORTS FIFA,
ebi,EBI,
ederbez,Eugenio Derbez,
egorkreed,Ğ•Ğ³Ğ¾Ñ€ ĞšÑ€Ğ¸Ğ´ | #HeartBreakKid,
eilirjani,Elton ILIRJANI,
elcinsangu,ElcÌ§in Sangu,
eliana,Eliana Michaelichen,
ellenpompeo,Ellen Pompeo,
elnazshakerdoost,Elnaz ShakerdoostğŸ¬,
elrodrigocontreras,RODğŸ¥´,
elrubiuswtf,el rubius WTF,
emilia_clarke,,
emiliamernes,Emilia Mernes,
eminem,Marshall Mathers,
emmachamberlain,emma chamberlain,
emmaroberts,Emma Roberts,
emrata,Emily Ratajkowski,
enhypen,ENHYPEN,
erling.haaland,Erling Braut Haaland,
esbilgic,Esra Bilgic,
ester_exposito,Ester ğŸŒ™,
eunwo.o_c,ì°¨ì€ìš°,
euphoria,euphoria,
evaluna,Evaluna Montaner de Echeverry,
evcenf,Fahriye Evcen OÌˆzcÌ§ivit,
ewsbdi,ë¡œìš´,
f1,FORMULA 1Â®,
fabriziorom,Fabrizio Romano,
fadiljaidi,Fadil Jaidi,
faz3,Fazza,
fcbarcelona,FC Barcelona,
fcbayern,FC Bayern,
fedez,FEDEZ,
feliciathegoat,"Tyler, The Creator",
felicyangelista_,Felicya Angelista,
felipeneto,Felipe Neto ğŸ¦‰,
fifaworldcup,FIFA World Cup,
florencepugh,Florence Pugh,
for_everyoung10,ì¥ì›ì˜ WONYOUNG,
fortnite,Fortnite,
francety,Francia James,
francinyehlke,FĞ¯AN,
frenchmontana,French Montana,
frenkiedejong,Frenkie de Jong,
fuckjerry,FUCKJERRY,
fuji_an,Fujianti Utami Putri,
gabigol,Gabi ğŸ‡§ğŸ‡· Lil Gabi,
gal_gadot,Gal Gadot,
galatasaray,Galatasaray,
garethbale11,Gareth Bale,
gatenm123,Gaten Matarazzo,
geneliad,Genelia Deshmukh,
georgenotfound,GeorgeNotFound,
georginagio,Georgina RodriÌguez,
gessicakayane,GKAY,
ggonekim,,
gianlucavacchi,Gianluca Vacchi,
giannis_an34,Giannis Antetokounmpo,
gigihadid,Gigi Hadid,
gildovigor,GIL DO VIGOR,
gima_ashi,Garima Chaurasia ğŸ’™,
gioewbank,Giovanna Ewbank,
gisele,Gisele BuÌˆndchen,
goar_avetisyan,Goar Avetisyan,
golfarahani,Golshifteh Farahani,
grantgust,Grant Gustin,
greeicy,Greeicy,
grefg_official,TheGrefg,
gucci,Gucci Official,
gururandhawa,Guru Randhawa,
gusein.gasanov,Ğ“Ğ£Ğ¡Ğ•Ğ˜Ì†Ğ Ğ“ĞĞ¡ĞĞĞĞ’,
gusttavolima,ğŸ› Gusttavo Lima ğŸ›,
hadise,Hadise,
haechanahceah,HAECHAN,
haileesteinfeld,hailee steinfeld,
haileybieber,Hailey Rhode Baldwin Bieber,
hakkiakdenizz,hakki akdeniz,
handemiyy,Hande ErcÌ§el,
hannahstocking,Hannah Stocking,
hardikpandya93,Hardik Himanshu Pandya,
harrykane,Harry Kane,
harrystyles,,
hassan_reyvandi,hasan reyvandi Ø­Ø³Ù† Ø±ÛŒÙˆÙ†Ø¯ÛŒ,
hegdepooja,Pooja Hegde,
helen_yes1,Ğ•Ğ»ĞµĞ½Ğ° Ğ¡Ğ°Ğ¶Ğ¸Ğ½Ğ°,
henrycavill,Henry Cavill,
heybiblee,á„‹á…µá„‰á…¥á†¼á„€á…§á†¼,
hi_high_hiy,á„’á…ªá†¼á„‹á…µá†«á„‹á…§á†¸,
hi_songjoongki,á„‰á…©á†¼á„Œá…®á†¼á„€á…µ songjoongki official,
hi_sseulgi,ìŠ¬ê¸° Seulgi,
hichasestokes,,
hilaryduff,Hilary Duff,
hm_son7,Son HeungMin(ì†í¥ë¯¼)ğŸ‡°ğŸ‡·,
holyhaein,ì •í•´ì¸,
hoooooyeony,Hoyeon,
houseofhighlights,House of Highlights,
hrithikroshan,Hrithik Roshan,
hshq,Harry Styles HQ,
huddy,Chase Hudson,
humansofny,Humans of New York,
hunterschafer,Hunter,
hyeri_0609,á„’á…¨á„…á…µ,
hyunah_aa,Hyun Ah,
hziyech,Hakim Ziyech,
hztttao,Z.TAOğŸ”´é»„å­éŸ¬,
i_m_hendery,HiğŸ‘‰ğŸ»im HenderyğŸ‘ˆğŸ»,
i_nivethathomas,Nivetha Thomas,
iambeckyg,Becky G,
iamcardib,Cardi B,
iamferv,fer,
iamhalsey,halsey,
iammichelemorroneofficial,Michele Morrone,
iampauloandre,Paulo AndreÌ ğŸ,
iamsrk,Shah Rukh Khan,
iamzlatanibrahimovic,Zlatan IbrahimoviÄ‡,
iansomerhalder,iansomerhalder,
ibaillanos,Ibai,
ileana_official,Ileana D'Cruz,
imhyoseop,ì•ˆíš¨ì„­,
imouniroy,mon,
imsebastianstan,Sebastian Stan,
indiancricketteam,Team India,
indiaroyale,India,
inijedar,Jessica Iskandar Verhaag,
instagram,Instagram,
iqbaal.e,iqbaal ramadhan,
irinashayk,irinashayk,
iscoalarcon,Isco Alarcon Suarez,
isisvalverde,isis valverde,
its.michhh,Michel Chavez,
itsmarziapie,Marzia Kjellberg,
itzy.all.in.us,ITZY,
j.m,JIMIN of BTS,
jackharlow,Jack Harlow,
jacksepticeye,Jacksepticeye,
jacksonwang852g7,Jackson Wang,
jacobelordi,Jacob Elordi,
jacquelinef143,Jacqueline Fernandez,
jadepicon,JADE ğŸŒª,
jailyneojeda,Jailyne Ojeda Ochoa,
jaimelorentelo,El chaval,
jairmessiasbolsonaro,Jair M. Bolsonaro,
jakepaul,Jake Paul,
jamescharles,James Charles,
jamesrodriguez10,James RodriÌguez,
jamorant,12 ğŸ¥·ğŸ½ğŸ–¤,
janhvikapoor,Janhvi Kapoor,
jannatzubair29,Jannat Zubair Rahmani,
jaspritb1,jasprit bumrah,
jaybnow.hr,LIM JAE BEOM,
jaydacheaves,JAYDA WAYDA,
jbalvin,J Balvin,
jennaortega,Jenna Ortega,
jennierubyjane,J,
jennifer.garner,Jennifer Garner,
jenniferaniston,Jennifer Aniston,
jenniferwinget1,Jennifer Winget,
jennmuriel,Jenn muriel,
jensenackles,Jensen Ackles,
jeremyrenner,Jeremy Renner,
jeromepolin,Jerome Polin Sijabat ã‚·ã‚™ã‚§ãƒ­ãƒ¼ãƒ ,
jesselingard,JLingz,
jessicah_o,Jessi / á„Œá…¦á„‰á…µ,
jessicajane99,Jessica Jane,
jharden13,James Harden,
jheneaiko,JheneÌ Aiko Efuru Chilombo ğŸ”®,
jichangwook,ì§€ì°½ìš±,
jimmyfallon,Jimmy Fallon,
jin,Jin of BTS,
jin_bighitentertainment,JIN (á„€á…µá†·á„‰á…¥á†¨á„Œá…µá†«),
jinyoung_0922jy,ë°•ì§„ì˜,
jlo,Jennifer Lopez,
joaogomescantor,JoaÌƒo Gomes ğŸ™,
joaoguilherme,JÒ‰OÒ‰TÒ‰IÒ‰NÒ‰HÒ‰AÒ‰,
joeyking,Joey King,
johnnyjsuh,Johnny Suh,
jojotodynho,JoJo,
jokowi,Joko Widodo,
jongsuk0206,ì´ì¢…ì„,
jordialbaoficial,Jordi Alba,
jorgelopez_as,Jorge Lopez,
joshu_acoustic,Joshua Hong,
joshuadun,jÃ¸sh dun,
juandam___,JuanDa.,
juandediospantoja,JD PANTOJA ğŸ‡²ğŸ‡½,
juanpazurita,Juanpa Zurita,
juansguarnizo,Juan SebastiÃ¡n Guarnizo,
juicewrld999,Juice WRLD 9 9 9,
juki_lop,JukiLop,
julesleblanc,julianna,
julianapaes,Juliana Paes,
juliette,Juliette,
jungkook_bighitentertainment,JUNGKOOK (ì „ì •êµ­) Updates,
jungkook.97,Jungkook,
justinbieber,Justin Bieber,
justinbieber,Justin Bieber,
justintimberlake,Justin Timberlake,
juventus,Juventus,
k.kbeom,á„€á…µá†·á„‡á…¥á†· kimbum,
k.mbappe,Kylian MbappeÌ,
kajalaggarwalofficial,Kajal A Kitchlu,
kaka,KakaÌ,
kaliuchis,,
kapilsharma,Kapil Sharma,
kareenakapoorkhan,Kareena Kapoor Khan,
karimbenzema,Karim Benzema,
karljacobs,Karl Jacobs,
karolg,KAROL G,
kartikaaryan,KARTIK AARYAN,
katherinelangford,KATHERINE LANGFORD,
katrinakaif,Katrina Kaif,
katyperry,KATY PERRY,
kawtarbamo,KAWTAR BA-MOHAMED,
kaylanicolejones,,
keerthysureshofficial,Keerthy Suresh,
kehlani,Kehlani,
kendalljenner,Kendall,
keniaos,Kenia Os,
kentooyamazaki,å±±ï¨‘è³¢äºº,
kenzie,kenzie â™¡,
kevindebruyne,Kevin De Bruyne,
kevinhart4real,Kevin Hart,
kevinroldankr,KR â™›,
khabib_nurmagomedov,Ğ¥Ğ°Ğ±Ğ¸Ğ± ĞÑƒÑ€Ğ¼Ğ°Ğ³Ğ¾Ğ¼ĞµĞ´Ğ¾Ğ²,
khaby00,Khaby Lame,
khloekardashian,KhloeÌ Kardashian,
kiaraaliaadvani,KIARA,
kiernanshipka,Kiernan Shipka,
kimberly.loaiza,KIM LOAIZA ğŸ–¤,
kimjuncotton,SUHO,
kimkardashian,Kim Kardashian,
kimshantal,Kim Shantal ğŸŒ¹,
kingarturo23oficial,Arturo Vidal,
kingbach,King Bach,
kingjames,ğŸ‘‘,
kingryan,Ryan Garcia,
kittychicha,NANNO | KITTYCHICHA AMATAYAKUL,
kjapa,KJ Apa,
kkvsh,ğŸ‡¯ğŸ‡²ğŸ¦‚ğŸ‡¸ğŸ‡»,
klaythompson,Klay Thompson,
kourtneykardash,Kourtney â¤ï¸,
krisjenner,Kris Jenner,
kritisanon,Kriti,
ksi,KSI,
kun11xd,KUN,
kunaguero,Sergio Leonel AguÌˆero,
kyliejenner,Kylie ğŸ¤,
kyo1122,Song hyekyo,
kyrieirving,K.A.I HÃ©lÃ ,
l7nnon,L7,
la_segura,LA SEGURA â™› â™¥,
lacikaysomers,Laci Kay Somers,
ladivaza,âœ¨LA DIVAZAâœ¨,
ladygaga,Lady Gaga,
lakers,Los Angeles Lakers,
lalalalisa_m,LISA,
lamborghini,Lamborghini,
lanacondor,,
larasilva,Lara Silva ğŸ’¦,
larissamanoela,Larissa Manoela,
larray,larri,
laurenlondon,Lauren London,
ldh_sky,á„‹á…µá„ƒá…©á„’á…§á†«,
leaelui,Lea Elui G,
leedongwook_official,ì´ë™ìš± (Official_Instagram),
leeyoum262,á„‹á…µá„‹á…²á„†á…µ,
leighannepinnock,Leigh-Anne Pinnock,
lelepons,Lele Pons,
leomessi,Leo Messi,
leonardodicaprio,Leonardo DiCaprio,
ler_chek,Ğ’Ğ°Ğ»ĞµÑ€Ğ¸Ñ Ğ§ĞµĞºĞ°Ğ»Ğ¸Ğ½Ğ°,
lestykejora,Lestikejora,
letthelordbewithyou,Scott Disick,
lewishamilton,Lewis Hamilton,
lexibrookerivera,Lexi Rivera,
liampayne,Liam Payne,
lilbaby,WHAM,
lildurk,DURKIOOO,
lilireinhart,Lili Reinhart,
lilnasx,MONTERO,
liluzivert,,
lilyjcollins,Lily Collins,
linatejeiro,Lina Tejeiro.,
lisakudrow,Lisa Kudrow,
litkillah,MAWZğŸ’¬,
littlebodybigheart,Melanie Martinez,
littlemix,Little Mix,
liverpoolfc,Liverpool Football Club,
lizakoshy,Liza Koshy,
lizasoberano,Liza Soberano,
lizgillz,Elizabeth Gillies,
lizzobeeating,Lizzo,
loganpaul,Logan Paul,
lomon991111,Lomon 991111,
loren,loren gray,
loud_babi,BaÌrbara Passos,
loud_victor,Victor Augusto,
louist91,Louis Tomlinson,
louisvuitton,Louis Vuitton,
lucas_lira,Lucas Lira,
lucasranngel,LUCAS RANGEL,
lucyhale,Lucy Hale,
ludmilla,Ludmilla,
luisafernandaw,Luisa Fernanda W,
luisasonza,LUÃSA SONZA,
luisitocomunica,Luisillo El Pillo,
luissuarez9,Luis Suarez,
lukamodric10,Luka Modric,
lunay,EL NINÌƒO ğŸ‘¶ğŸ»,
luvadepedreiro,Iran Ferreira,
lynaritaa,Lyna Perez,
m_kayoung,MUN KA YOUNG,
m10_official,Mesut OÌˆzil,
machinegunkelly,the Blonde Don,
maddieziegler,maddie,
madelame,Madelaine Petsch,
madelyncline,Maddie,
madhuridixitnene,Madhuri Dixit,
madisonbaileybabe,Maddie Baby,
madisonbeer,Madison Beer,
mahnaz_afshar,Mahe Man,
maisa,#NAME?,
maluma,MALUMA,
malutrevejo,MaluÌ ğŸ¦‹ 222ğŸ¤,
manchesterunited,Manchester United,
manelyk_oficial,Manelyk Gonzalez,
maneskinofficial,MaÌŠneskin,
manurios,manu rios,
marcelotwelve,Marcelo Vieira,
marcmarquez93,Marc MaÌrquez,
marcoasensio10,Marco Asensio,
marcusrashford,Marcus Rashford MBE,
mariaalice,Maria Alice,
mariabecerra,Maria Becerra,
mariapedraza_,MariÌa Pedraza,
marimaria,Mari Maria,
marinaruybarbosa,Marina Ruy Barbosa,
markiplier,Markiplier,
markruffalo,Mark Ruffalo,
marktuan,Mark Tuan,
marshmellomusic,marshmello,
martingarrix,Martin Garrix,
marvel,Marvel Entertainment,
marvelstudios,Marvel Studios,
mathildtantot,Mathilde,
matue30,MATUÃŠ,
maudeapatow,Maude Apatow,
maudyayunda,Maudy Ayunda,
maxverstappen1,Max Verstappen,
meganfox,Megan Fox,
mehraadjam,Mehraad Jam,
mejiwoo103,á„Œá…µá„‹á…®,
melissamelmaia,MEL MAIA ğŸ¯,
melo,LaMelo Ball,
memezar,Memezar â€¢ Comedy and Culture,
memphisdepay,Memphis Depay,
mercedesbenz,Mercedes-Benz,
miakhalifa,Mia K.,
michaelbjordan,Michael B. Jordan,
michaelclifford,michael clifford,
michelleobama,Michelle Obama,
miguel_bernardeau,Miguel Bernardeau,
miguel.g.herran,Miguel HerraÌn,
miketyson,Mike Tyson,
mikhail_litvin,ĞœĞ¸Ñ…Ğ°Ğ¸Ğ» Ğ›Ğ¸Ñ‚Ğ²Ğ¸Ğ½,
milad_khahhh,Milad Ghasemikhah pargam,
mileycyrus,Miley Cyrus,
milliebobbybrown,Millie Bobby Brown,
mimikeene3,ğ•„ ğ•€ ğ•„ ğ•€  ğ•‚ ğ”¼ ğ”¼ â„• ğ”¼,
min9yu_k,ê¹€ë¯¼ê·œ,
mingue.k,ê¹€ë¯¼ê·œ,
mirandacosgrove,Miranda Cosgrove,
mirella,BAD MI âš¡ï¸ MC MIRELLA,
missasinfonia,MissaSinfonia,
mo.on_air,TAEIL,
mohamedramadanws,Mohamed Ramadan,
mohanshakti,Shakti Mohan,
mont.pantoja,MONT,
mosalah,Mohamed Salah,
mr_faisu_07,FAISAL SHAIKH,
mrbeast,MrBeast,
ms_puiyi,Siew Pui Yi ğŸ¤,
mterstegen1,Marc ter Stegen,
myketowers,MICHAEL,
na.jaemin0813,JAEMIN,
nabilla,Nabilla Vergara âœ¨,
nadin_serovski,Nadin Serovski,
nadine,å°å®®å¸Œç¾ ğŸ¤,
naileadevora,nai,
nameisnani,Nani,
nancyajram,Nancy Ajram,
narendramodi,Narendra Modi,
narins_beauty,â€¢â€¢Narins Beautyâ€¢â€¢,
nasa,NASA,
natalee.007,Natalie Lee,
natashawilona12,Natasha Wilona,
natgeo,National Geographic,
natgeotravel,National Geographic Travel,
nattinatasha,NATTI NATASHA,
navidmohammadzadeh,navid mohammadzadeh,
nazriyafahadh,Nazriya Nazim Fahadh,
nba,NBA,
ncentineo,Noah,
nct,NCT Official Instagram,
nct_dream,NCT DREAM OFFICIAL,
nct127,NCT 127 Official Instagram,
nehakakkar,Neha Kakkar (Mrs. Singh),
nehasharmaofficial,Neha Sharma ğŸ’«,
neslihanatagul,Neslihan AtaguÌˆl DogÌ†ulu,
nessabarrett,ness,
netflix,Netflix US,
netflixbrasil,Netflix Brasil,
neymarjr,NJ ğŸ‡§ğŸ‡·,
niallhoran,Niall Horan,
nianaguerrero,Niana,
nicki.nicole,,
nickiminaj,Barbie,
nickjonas,Nick Jonas,
nickyjam,NICKY JAM,
nicolegarcia,NICOLE,
nike,Nike,
nikefootball,Nike Football (Soccer),
nikitadragun,Nikita,
nikkietutorials,NikkieTutorials,
nina,Nina Dobrev,
nita_shilimkar,Nita Shilimkar,
noahbeck,Noah Beck,
noahschnapp,Noah Schnapp,
nobru,Bruno Goes ğŸ­,
nobru,Bruno Goes ğŸ­,
nodal,Christian Nodal ğŸ‡²ğŸ‡½ ğŸŒµğŸ’š,
nolimitherbo,G HERBO,
noorstars,Ù†ÙˆØ± Ø³ØªØ§Ø±Ø² | Noor Stars,
norafatehi,Nora Fatehi,
normani,Normani,
nusr_et,Nusr_et#Saltbae,
o.dembele7,Believe,
obj,Odell Beckham Jr,
obx,Outer Banks,
officialslystallone,Sly Stallone,
offsetyrn,OFFSET,
oliviarodrigo,Olivia Rodrigo,
onwardwanna,"Javon ""Wanna"" Walton",
onyourm__ark,Mark,
oohsehun,SEHUN,
ozuna,@ozutochi ğŸ”œ #TemporadaDelOzo,
pablogavi,GAVI,
paollaoliveirareal,Paolla Oliveira,
parineetichopra,Parineeti Chopra,
paulodybala,Paulo Dybala,
paulolondra,Paulo londra,
paulpogba,Paul Labile Pogba,
paulwalker,Paul Walker,
paulwesley,Paul Wesley,
pefabiodemelo,Padre FÃ¡bio de Melo,
perrieedwards,Perrie Edwards ğŸ–¤,
perspolis,P e r s e p o l i s,
pewdiepie,PewDiePie,
peytonlist,Peyton List,
pharrell,ğ’ğğ ğğ… ğ€ ğğ‡ğ€ğ‘ğ€ğğ‡,
phil.coutinho,Philippe Coutinho,
phoebejtonkin,Phoebe Tonkin,
phs1116,ë°•í˜•ì‹ / PARKHYUNGSIK,
playboicarti,,
playstation,PlayStation,
pokimanelol,pokimane â¤,
pokrov90,ĞĞĞ¯ ĞŸĞĞšĞ ĞĞ’ - ĞĞĞ¢Ğ˜Ğ“Ğ Ğ£Ğ¡Ğ¢Ğ˜ĞğŸ¥‘â¤ï¸,
polo.capalot,Polo.GğŸ,
pooorblack,Pooorblack,
porsche,Porsche,
postmalone,twelve carat toothache,
prattprattpratt,Chris Pratt,
premierleague,Premier League,
prideofgypsies,Jason Momoa,
prillylatuconsina96,Prilly Latuconsina,
priyankachopra,Priyanka,
psg,Paris Saint-Germain,
pubity,Pubity,
pugachevmark,Mark Pugachev,
quackity,quackity,
quavohuncho,QuavoHuncho,
raashiikhanna,Raashii Khanna,
rachel_mypark,á„‡á…¡á†¨á„†á…µá†«á„‹á…§á†¼ Minyoung Park,
rachelvennya,Rachel Vennya Roland,
rafaelnadal,Rafa Nadal,
rafaeluccman,Rafael Uccman,
rafakalimann,RAFA KALIMANN,
raffinagita1717,Raffi Ahmad and Nagita Slavina,
rahulkl,KL RahulğŸ‘‘,
raisa6690,,
rakulpreet,Rakul Singh,
ranveersingh,Ranveer Singh,
raphaelvarane,Raphael Varane,
rashmika_mandanna,Rashmika Mandanna,
ratantata,Ratan Tata,
rauwalejandro,RAâ€™ RAUW,
realbarbarapalvin,Barbara Palvin,
realhinakhan,HK,
realmadrid,Real Madrid C.F.,
realshadmehr,Shadmehr Aghili,
realstraykids,Stray Kids,
redvelvet.smtown,Red Velvet Official,
reesewitherspoon,Reese Witherspoon,
regejean,RegeÌ-Jean Page,
renebaebae,IRENE,
residente,ReneÌ PeÌrez Joglar,
reynmen,reyn,
rezagolzar,Mohammad Reza Golzar,
riaricis1795,RICIS,
ricky_martin,Ricky Martin,
rishabpant,Rishabh Pant,
riteishd,Riteish Deshmukh,
riyadmahrez26.7,RM26,
riyaz.14,Riyaz Aly,
rizkybillar,Muhammad Rizky Billar,
rizkyfbian,Salah,
rkive,RM,
robertdowneyjr,Robert Downey Jr. Official,
roberto_firmino,ROBERTO FIRMINO,
rockstargames,Rockstar Games,
rogerfederer,Roger Federer,
rohitsharma45,Rohit Sharma,
rohittt_09_,ğ‘ğ¨ğ¡ğ¢ğ­ ğ™ğ¢ğ§ğ£ğ®ğ«ğ¤ğ ~ ğ«ğğšğœğ­ğ¢ğ¨ğ§ğ›ğ¨ğ¢ ğŸ’«,
romanreigns,Joe Anoai aka â€œRoman Reignsâ€,
romeosantos,Romeo Santos,
ronaldinho,Ronaldo de Assis Moreira,
rosalia.vt,LA ROSALIÌA,
roses_are_rosie,ROSEÌ,
ross_lynch,Ross Shor Lynch,
ruben_onsu,Ruben Onsu,
rubyrose,Ruby Rose,
rupertgrint,Rupert Grint,
sabrinacarpenter,Sabrina Carpenter,
sachintendulkar,Sachin Tendulkar,
sadiesink_,Sadie Sink,
sadiomaneofficiel,Sadio Mane,
saharghoreyshiofficialpage,Ø³Ø­Ø± Ù‚Ø±ÙŠØ´Ù‰ Sahar Ghoreyshi,
saipallavi.senthamarai,Sai Pallavi,
salmahayek,Salma Hayek Pinault,
samantharuthprabhuoffl,Samantha,
samoylovaoxana,Samoylova Oxana,
samsmith,Sam Smith,
sanchooo10,Jadon Sancho,
sandrinna_11,Drinna,
saraalikhan95,Sara Ali Khan,
sarahhyland,Sarah Hyland,
sarwendah29,Sarwendah29,
sav.labrant,Savannah Rose LaBrant,
saweetie,icy bae ğŸŒ¸âœ¨ğŸŒ±â„ï¸,
sebastianyatra,Sebastian Yatra,
selenagomez,Selena Gomez,
sergioramos,Sergio Ramos,
serna_amini,Serna Amini,
shahidkapoor,Shahid Kapoor,
shakira,Shakira,
shawnmendes,Shawn Mendes,
shaymitchell,Shay Mitchell,
shehnaazgill,Shehnaaz Gill,
shikhardofficial,Shikhar Dhawan,
shraddhakapoor,Shraddha âœ¶,
shreyaghoshal,shreyaghoshal,
shreyas41,Shreyas Iyer,
shxxbi131,B.I,
sidhu_moosewala,Sidhu Moosewala (à¨®à©‚à¨¸à©‡ à¨†à¨²à¨¾),
sidmalhotra,Sidharth Malhotra,
simaria,Simaria Mendes,
simoneses,Simone Mendes,
sinavaliollah,Sina Valiollah,
sincerooficial,Sincero Oficial,
sivakarthikeyan,Sivakarthikeyan Doss,
skawngur,á„‚á…¡á†·á„Œá…®á„’á…§á†¨,
skuukzky,á„‰á…®á†½á„‹á…µ  ğŸ’„ğŸ’…ğŸ‘¡ğŸ‘ ğŸ€ğŸ‘™ğŸŒ‚ğŸ‘—ğŸŒ‚ğŸ€ğŸ’‹ğŸ’Œ,
smriti_mandhana,Smriti Mandhana,
snoopdogg,snoopdogg,
sofiaalcastro,â™¡sofia castro,
sofiavergara,Sofia Vergara,
sommerray,Sommer Ray,
somsomi0309,ENNIK,
sonamkapoor,Sonam Kapoor Ahuja,
songkang_b,á„‰á…©á†¼á„€á…¡á†¼,
sonu_sood,Sonu Sood,
soohyun_k216,á„€á…µá†·á„‰á…®á„’á…§á†« Kim Soo Hyun é‡‘ç§€è³¢,
sooyaaa__,JISOOğŸ¤,
sooyoungchoi,Sooyoung Choi,
sophiedee,Sophie Dee,
sophiet,S O P H I E T U R N E R,
soueunavida,Sou Eu Na Vida,
sound_of_coups,COUPS,
soydannyalfaro,Danny Alfaro,
soyneiva,Neiva Mara,
spacex,SpaceX,
sportscenter,SportsCenter,
ssinz7,ë°•ì‹ í˜œ/Shin Hye Park,
staceysolomon,Stacey Solomon,
starwars,Star Wars,
staskaranikolaou,Anastasia Karanikolaou,
stephencurry30,Wardell Curry,
sthefanematos,STHE âš“ï¸,
strangerthingstv,Stranger Things Netflix,
subo_m,Subhan Mamedov,
suga_bighitentertainment,SUGA (á„†á…µá†«á„‹á…²á†«á„€á…µ) Updates,
sunnyleone,Sunny Leone,
superstar_dewasi99,SUPERSTARDEWASI 99,
sureshraina3,Suresh Raina,
sydney_sweeney,Sydney Sweeney,
syifahadjureal,Syifa Hadju,
sza,SZA,
t22felton,Tom Felton,
taehyung.bighitentertainment,TAEHYUNG (ê¹€íƒœí˜•) Updates,
taeoxo_nct,TAEYONG íƒœìš©,
taeyeon_ss,TaeYeon,
taina,TainaÌ Costa,
tamannaahspeaks,Tamannaah Bhatia,
tamerhosny,Tamer Hosny,
tatawerneck,Tata Werneck,
taylor_hill,Taylor Hill,
taylorswift,Taylor Swift,
tchalamet,TimotheÌe Chalamet,
teddysphotos,Ed Sheeran,
tejasswiprakash,Tejasswi Prakash,
tenlee_1001,TEN_+â€¢10,
teyanataylor,Jimmy Neutch- Shumpert,
thariqhalilintar,thoriq halilintar,
thebursin,Kerem BuÌˆrsin,
thedeverakonda,Vijay Deverakonda,
theellenshow,Ellen DeGeneres,
theestallion,Megan Thee Stallion,
thefatjewish,thefatjewish,
thegirljt,JTğŸ¦‹,
thehughjackman,,
thenameisyash,Yash,
thenewclassic,Iggy Azalea,
thenotoriousmma,Conor McGregor Official,
therealcalebmclaughlin,Caleb McLaughlin,
therealjosephmorgan,Joseph Morgan,
therock,therock,
theshilpashetty,Shilpa Shetty Kundra,
theweeknd,The Weeknd,
thiagosilva,Thiago Silva,
thv,V,
tiagopzk,GOTTI A,
tiffanyyoungofficial,tiffany young,
tigerjackieshroff,Tiger Shroff,
timatiofficial,13,
tinistoessel,tini,
todayis_wendy,Wendy,
tombrady,Tom Brady,
tomcruise,Tom Cruise,
tommyinnit,TommyInnit,
toni.kr8s,Toni Kroos,
travisscott,flame,
trentarnold66,Trent Alexander-Arnold,
trippieredd,555,
troyesivan,troye sivan,
trueno,TR1 â›ˆ,
twicetagram,TWICE,
txt_bighit,TOMORROW X TOGETHER OFFICIAL,
tyga,T-Raww,
tylerrjoseph,tyler jÃ¸seph,
uarmyhope,jhope,
urassayas,Urassaya Sperbund,
urstrulymahesh,Mahesh Babu,
ursulolita,UÌrsula CorberoÌ âœ¨,
urvashirautela,URVASHI RAUTELA ğŸ‡®ğŸ‡³,
valentinazenere,Valentina Zenere,
valeyellow46,Valentino Rossi,
vancityreynolds,Ryan Reynolds,
vanessahudgens,ğŸ”®Vanessa HudgensğŸ”®,
vanessalopesr_,Vanessa Lopes,
vanessamorgan,Vanessa Morgan,
varundvn,VarunDhawan,
veradijkmans,DUTCHğŸ‡³ğŸ‡±,
vickykaushal09,Vicky Kaushal,
victoriajustice,Victoria Justice,
viihtube,Viih Tube,
vindiesel,Vin Diesel,
vinijr,Vinicius Jr. âš¡ï¸ğŸ‡§ğŸ‡·,
vinniehacker,â€ ,
violets.tv,Violet Summers,
virat.kohli,Virat Kohli,
virgilvandijk,Virgil van Dijk,
virginia,Virginia Fonseca Costa,
vivi,Vivi Wanderley,
vousmevoyez,KRYSTAL,
warriors,Golden State Warriors,
watanabenaomi703,æ¸¡è¾ºç›´ç¾ã€€Naomi watanabe,
waynerooney,Wayne Rooney,
wdohwan,ìš°ë„í™˜,
whinderssonnunes,Whindersson Nunes,
wi__wi__wi,á„‹á…±á„’á…¡á„Œá…®á†« Wi Ha Jun,
wilbursoot,Wilbur Soot,
willevy,William  Levy / Actor Producer,
willsmith,Will Smith,
willyrex,Willyrex,
winmetawin,Win Metawin O.,
wizkidayo,BIG WIZğŸ¦…,
wolfiecindy,Cindy Kimberly,
wos.ds3,ValentiÌn Oliva,
wwiinn_7,WINWIN,
xavi,Xavi HernaÌndez,
xeesoxee,á„’á…¡á†«á„‰á…©á„’á…´,
xsqueezie,,
xuminghao_o,The8 ë””ì—ì‡,
xxxibgdrgn,á„€á…¯á†«á„Œá…µá„‹á…­á†¼(æ¬Šå¿—é¾),
xxxtentacion,MAKE OUT HILL,
yailinlamasviralreal,Yailin la Mas Viral â™‹ï¸ğŸ§¿,
yangyang_x2,YangYang á„‹á…£á†¼á„‹á…£á†¼,
yaocabrera,Yao Cabrera,
yasminabdelaziz_,Yasmin Abdelaziz,
yasmine_sabri,Yasmine Sabri,
yastunes,YAS,
yawnzzn,YEONJUN,
yefersoncossio,Yef,
yejinhand,ì†ì˜ˆì§„,
yellow_3to3,REN JUN,
yerimiese,Yeri,
yihyun_1208,á„Œá…©á„‹á…µá„’á…§á†« cho yihyun,
ykaaar,Damiano David/MaÌŠneskin,
yoona__lim,,
yooncy1,ìœ¤ì°¬ì˜ Yoon chanyoung,
youngdae0302,á„€á…µá†·á„‹á…§á†¼á„ƒá…¢,
yugyeom,KYUM,
yungmiami305,Caresha ..ğŸ’—ğŸ’‹,
yuu_taa_1026,YUTA æ‚ å¤ª,
yuyacst,ğ“¨ğ’–ğ’šğ’‚,
yuzi_chahal23,Yuzvendra Chahal,
zacefron,Zac Efron,
zachking,Zach King,
zayn,Zayn Malik,
zefelipecantor,ZeÌ,
zelenskiy_official,Ğ’Ğ¾Ğ»Ğ¾Ğ´Ğ¸Ğ¼Ğ¸Ñ€ Ğ—ĞµĞ»ĞµĞ½ÑÑŒĞºĞ¸Ğ¹,
zendaya,Zendaya,
zidane,zidane,
zkdlin,KAI,
zoeisabellakravitz,ZoeÌˆ Kravitz,
zoesugg,ZoeÌˆ Sugg,
karolg,KAROL G,
kartikaaryan,zidane,
katherinelangford,zidane,
katrinakaif,zidane,
katyperry,zidane,
kawtarbamo,zidane,
kaylanicolejones,zidane,
keerthysureshofficial,zidane,
kehlani,zidane,
kendalljenner,zidane,
keniaos,zidane,
kentooyamazaki,zidane,
kenzie,zidane,
kevindebruyne,zidane,
kevinhart4real,zidane,
kevinroldankr,zidane,
khabib_nurmagomedov,Khaby Lame,
khaby00,Khaby Lame,
khloekardashian,Khaby Lame,
kiaraaliaadvani,Khaby Lame,
kiernanshipka,Khaby Lame,
kimberly.loaiza,Khaby Lame,
kimjuncotton,Khaby Lame,
kimkardashian,Khaby Lame,
kimshantal,Khaby Lame,
kingarturo23oficial,Khaby Lame,
kingbach,Khaby Lame,
kingjames,Khaby Lame,
kingryan,Khaby Lame,
kittychicha,Khaby Lame,
kjapa,Khaby Lame,
kkvsh,Khaby Lame,
klaythompson,Khaby Lame,
kourtneykardash,Khaby Lame,
krisjenner,Khaby Lame,
kritisanon,Khaby Lame,
ksi,Khaby Lame,
kun11xd,Khaby Lame,
kunaguero,Khaby Lame,
kyliejenner,Khaby Lame,
kyo1122,Khaby Lame,
kyrieirving,Khaby Lame,
l7nnon,Khaby Lame,
la_segura,Khaby Lame,
lacikaysomers,Khaby Lame,
ladivaza,Khaby Lame,
ladygaga,Khaby Lame,
lakers,Khaby Lame,
lalalalisa_m,Khaby Lame,
lamborghini,Khaby Lame,
lanacondor,Khaby Lame,
larasilva,Khaby Lame,
larissamanoela,Khaby Lame,
larray,Khaby Lame,
laurenlondon,Khaby Lame,
ldh_sky,Khaby Lame,
leaelui,Khaby Lame,
leedongwook_official,Khaby Lame,
leeyoum262,Khaby Lame,
leighannepinnock,Khaby Lame,
lelepons,Khaby Lame,
leomessi,Khaby Lame,
leonardodicaprio,Khaby Lame,
ler_chek,Khaby Lame,
lestykejora,Khaby Lame,
letthelordbewithyou,Khaby Lame,
lewishamilton,Khaby Lame,
lexibrookerivera,Khaby Lame,
liampayne,Khaby Lame,
lilbaby,Khaby Lame,
lildurk,Khaby Lame,
lilireinhart,Khaby Lame,
lilnasx,Khaby Lame,
liluzivert,Khaby Lame,
lilyjcollins,Khaby Lame,
linatejeiro,Khaby Lame,
lisakudrow,Khaby Lame,
litkillah,Khaby Lame,
littlebodybigheart,Khaby Lame,
littlemix,Khaby Lame,
liverpoolfc,Khaby Lame,
lizakoshy,Khaby Lame,
lizasoberano,Khaby Lame,
lizgillz,Khaby Lame,
lizzobeeating,Khaby Lame,
loganpaul,Khaby Lame,
lomon991111,Khaby Lame,
loren,Khaby Lame,
loud_babi,Khaby Lame,
loud_victor,Khaby Lame,
louist91,Khaby Lame,
louisvuitton,Khaby Lame,
lucas_lira,Khaby Lame,
lucasranngel,Khaby Lame,
lucyhale,Khaby Lame,
ludmilla,Khaby Lame,
luisafernandaw,Khaby Lame,
luisasonza,Khaby Lame,
luisitocomunica,Khaby Lame,
luissuarez9,Khaby Lame,
lukamodric10,Khaby Lame,
lunay,Khaby Lame,
luvadepedreiro,Khaby Lame,
lynaritaa,Khaby Lame,
m_kayoung,Khaby Lame,
m10_official,Khaby Lame,
machinegunkelly,Khaby Lame,
maddieziegler,Khaby Lame,
madelame,Khaby Lame,
madelyncline,Khaby Lame,
madhuridixitnene,Khaby Lame,
madisonbaileybabe,Khaby Lame,
madisonbeer,Khaby Lame,
mahnaz_afshar,Khaby Lame,
maisa,Khaby Lame,
maluma,MALUMA,
malutrevejo,MaluÌ ğŸ¦‹ 222ğŸ¤,
manchesterunited,Manchester United,
manelyk_oficial,Manelyk Gonzalez,
maneskinofficial,MaÌŠneskin,
manurios,manu rios,
marcelotwelve,Marcelo Vieira,
marcmarquez93,Marc MaÌrquez,
marcoasensio10,Marco Asensio,
marcusrashford,Marcus Rashford MBE,
mariaalice,Maria Alice,
mariabecerra,Maria Becerra,
mariapedraza_,MariÌa Pedraza,
marimaria,Mari Maria,
marinaruybarbosa,Marina Ruy Barbosa,
markiplier,Markiplier,
markruffalo,Mark Ruffalo,
marktuan,Mark Tuan,
marshmellomusic,marshmello,
martingarrix,Martin Garrix,
marvel,Marvel Entertainment,
marvelstudios,Marvel Studios,
mathildtantot,Mathilde,
matue30,MATUÃŠ,
maudeapatow,Maude Apatow,
maudyayunda,Maudy Ayunda,
maxverstappen1,Max Verstappen,
meganfox,Megan Fox,
mehraadjam,Mehraad Jam,
mejiwoo103,Memphis Depay,Memphis Depay
melissamelmaia,Memphis Depay,Memphis Depay
melo,Memphis Depay,Memphis Depay
memezar,Memphis Depay,Memphis Depay
memphisdepay,Memphis Depay,Memphis Depay
mercedesbenz,Memphis Depay,Memphis Depay
miakhalifa,Memphis Depay,Memphis Depay
michaelbjordan,Memphis Depay,Memphis Depay
michaelclifford,Memphis Depay,Memphis Depay
michelleobama,Memphis Depay,Memphis Depay
miguel_bernardeau,Memphis Depay,Memphis Depay
miguel.g.herran,Memphis Depay,Memphis Depay
miketyson,Memphis Depay,Memphis Depay
mikhail_litvin,Memphis Depay,Memphis Depay
milad_khahhh,Memphis Depay,Memphis Depay
mileycyrus,Memphis Depay,Memphis Depay
milliebobbybrown,Memphis Depay,Memphis Depay
mimikeene3,Memphis Depay,Memphis Depay
min9yu_k,Memphis Depay,Memphis Depay
mingue.k,Memphis Depay,Memphis Depay
mirandacosgrove,Memphis Depay,Memphis Depay
mirella,Memphis Depay,Memphis Depay
missasinfonia,Memphis Depay,Memphis Depay
mo.on_air,Memphis Depay,Memphis Depay
mohamedramadanws,Memphis Depay,Memphis Depay
mohanshakti,Shakti Mohan,
mont.pantoja,MONT,
mosalah,Mohamed Salah,
mr_faisu_07,FAISAL SHAIKH,
mrbeast,MrBeast,
ms_puiyi,Siew Pui Yi ğŸ¤,
mterstegen1,Marc ter Stegen,
myketowers,MICHAEL,
na.jaemin0813,JAEMIN,
nabilla,Nabilla Vergara âœ¨,
nadin_serovski,Nadin Serovski,
nadine,å°å®®å¸Œç¾ ğŸ¤,
naileadevora,nai,
nameisnani,Nani,
nancyajram,Nancy Ajram,
narendramodi,Narendra Modi,
narins_beauty,â€¢â€¢Narins Beautyâ€¢â€¢,
nasa,NASA,
natalee.007,Natalie Lee,
natashawilona12,Natasha Wilona,
natgeo,National Geographic,
natgeotravel,National Geographic Travel,
nattinatasha,NATTI NATASHA,
navidmohammadzadeh,navid mohammadzadeh,
nazriyafahadh,Nazriya Nazim Fahadh,
nba,NBA,
ncentineo,Noah,
nct,NCT Official Instagram,
nct_dream,NCT DREAM OFFICIAL,
nct127,NCT 127 Official Instagram,
nehakakkar,Neha Kakkar (Mrs. Singh),
nehasharmaofficial,Neha Sharma ğŸ’«,
neslihanatagul,Neslihan AtaguÌˆl DogÌ†ulu,
nessabarrett,ness,
netflix,Netflix US,
netflixbrasil,Netflix Brasil,
neymarjr,NJ ğŸ‡§ğŸ‡·,
niallhoran,Niall Horan,
nianaguerrero,Niana,
nicki.nicole,,
nickiminaj,Barbie,
nickjonas,Nick Jonas,
nickyjam,NICKY JAM,
nicolegarcia,NICOLE,
nike,Nike,
nikefootball,Nike Football (Soccer),
nikitadragun,Nikita,
nikkietutorials,NikkieTutorials,
nina,Nina Dobrev,
nita_shilimkar,Nita Shilimkar,
noahbeck,Noah Beck,
noahschnapp,Noah Schnapp,
nobru,Bruno Goes ğŸ­,
nobru,Bruno Goes ğŸ­,
nodal,Christian Nodal ğŸ‡²ğŸ‡½ ğŸŒµğŸ’š,
nolimitherbo,G HERBO,
noorstars,Ù†ÙˆØ± Ø³ØªØ§Ø±Ø² | Noor Stars,
norafatehi,Nora Fatehi,
normani,Normani,
nusr_et,Nusr_et#Saltbae,
o.dembele7,Believe,
obj,Odell Beckham Jr,
obx,Outer Banks,
officialslystallone,Sly Stallone,
offsetyrn,OFFSET,
oliviarodrigo,Olivia Rodrigo,
onwardwanna,"Javon ""Wanna"" Walton",
onyourm__ark,Mark,
oohsehun,SEHUN,
ozuna,@ozutochi ğŸ”œ #TemporadaDelOzo,
pablogavi,GAVI,
paollaoliveirareal,Paolla Oliveira,
parineetichopra,Parineeti Chopra,
paulodybala,Paulo Dybala,
paulolondra,Paulo londra,
paulpogba,Paul Labile Pogba,
paulwalker,Paul Walker,
paulwesley,Chris Pratt,
pefabiodemelo,Chris Pratt,
perrieedwards,Chris Pratt,
perspolis,Chris Pratt,
pewdiepie,Chris Pratt,
peytonlist,Chris Pratt,
pharrell,Chris Pratt,
phil.coutinho,Chris Pratt,
phoebejtonkin,Chris Pratt,
phs1116,Chris Pratt,
playboicarti,Chris Pratt,
playstation,Chris Pratt,
pokimanelol,Chris Pratt,
pokrov90,Chris Pratt,
polo.capalot,Chris Pratt,
pooorblack,Chris Pratt,
porsche,Chris Pratt,
postmalone,Chris Pratt,
prattprattpratt,Chris Pratt,
premierleague,Priyanka,Priyanka
prideofgypsies,Priyanka,Priyanka
prillylatuconsina96,Priyanka,Priyanka
priyankachopra,Priyanka,Priyanka
psg,Priyanka,Priyanka
pubity,Priyanka,Priyanka
pugachevmark,Priyanka,Priyanka
quackity,Priyanka,Priyanka
quavohuncho,Priyanka,Priyanka
raashiikhanna,Priyanka,Priyanka
rachel_mypark,Priyanka,Priyanka
rachelvennya,Priyanka,Priyanka
rafaelnadal,Priyanka,Priyanka
rafaeluccman,Rafael Uccman,
rafakalimann,RAFA KALIMANN,
raffinagita1717,Raffi Ahmad and Nagita Slavina,
rahulkl,KL RahulğŸ‘‘,
raisa6690,,
rakulpreet,Rakul Singh,
ranveersingh,Ranveer Singh,
raphaelvarane,Raphael Varane,
rashmika_mandanna,Rashmika Mandanna,
ratantata,Ruben Onsu,Ruben Onsu
rauwalejandro,Ruben Onsu,Ruben Onsu
realbarbarapalvin,Ruben Onsu,Ruben Onsu
realhinakhan,Ruben Onsu,Ruben Onsu
realmadrid,Ruben Onsu,Ruben Onsu
realshadmehr,Ruben Onsu,Ruben Onsu
realstraykids,Ruben Onsu,Ruben Onsu
redvelvet.smtown,Ruben Onsu,Ruben Onsu
reesewitherspoon,Ruben Onsu,Ruben Onsu
regejean,Ruben Onsu,Ruben Onsu
renebaebae,Ruben Onsu,Ruben Onsu
residente,Ruben Onsu,Ruben Onsu
reynmen,Ruben Onsu,Ruben Onsu
rezagolzar,Ruben Onsu,Ruben Onsu
riaricis1795,Ruben Onsu,Ruben Onsu
ricky_martin,Ruben Onsu,Ruben Onsu
rishabpant,Ruben Onsu,Ruben Onsu
riteishd,Ruben Onsu,Ruben Onsu
riyadmahrez26.7,Ruben Onsu,Ruben Onsu
riyaz.14,Ruben Onsu,Ruben Onsu
rizkybillar,Ruben Onsu,Ruben Onsu
rizkyfbian,Ruben Onsu,Ruben Onsu
rkive,Ruben Onsu,Ruben Onsu
robertdowneyjr,Megan Fox,Megan Fox
roberto_firmino,Megan Fox,Megan Fox
rockstargames,Megan Fox,Megan Fox
rogerfederer,Megan Fox,Megan Fox
rohitsharma45,Megan Fox,Megan Fox
rohittt_09_,Megan Fox,Megan Fox
romanreigns,Ruben Onsu,
romeosantos,Ruben Onsu,
ronaldinho,Ruben Onsu,
rosalia.vt,Ruben Onsu,
roses_are_rosie,Ruben Onsu,
ross_lynch,Ruben Onsu,
ruben_onsu,Ruben Onsu,
rubyrose,Ruben Onsu,
rupertgrint,Ruben Onsu,
