Tiktoker_Name,Tiktok_Name
ekin.721,MOMOâ€™s
dojacat,Doja Cat
kiet.ac.quy,Kiá»‡t áº®k Wá»·
charlidamelio,charli dâ€™amelio
badbunny,charli dâ€™amelio
luvadepedreiro,Iran Ferreira (Lai)
badbunny,Bad Bunny
khaby.lame,Khabane lame
leomahalo,Leo Mahalo
swagboygorringe,Daniel Gorringe
swagboygorringe,Khabane lame
jennmelon,Jenn Melon
jounggustav,Joung Gustav
txt.bighitent,TOMORROW X TOGETHER
txt.bighitent,TOMORROW X TOGETHER
pongamoslo_a_prueba,PongÃ¡moslo a Prueba
bdylanhollis,B. Dylan Hollis
lyczak,ğŸ‘‘ÅyczuuğŸ‘‘
juandamc,JuanDa.
lifeinanimati0n,A <3
zlusha,Zlusha
amauryguichon,Amaury Guichon
eupereiraoficial,Eu Pereira
druskitv,DRUSKI
adrianbliss,Adrian Bliss
kimberly.loaiza,Kimberly Loaiza
deborahyowa,Deborah yowa
nekoglai,ĞĞ¸ĞºĞ¾Ğ»Ğ°Ğ¹
domelipa,Dominik
diego.cr_,Diego RodrÃ­guez
addisonre,Addison Rae
mastertingus,mastertingus
santandave,Santan
machinegunkelly,Colson
bellapoarch,Bella Poarch
daddyyankee,daddyyankee
official_nct,NCT Official
zeth,Zeth
larrayeeee,LARRAY
mrbeast,MrBeast
jypestraykids,Stray Kids
iamferv,Fernanda
nicocaponecomedy,nicocapone.comedy
honeybobabear,HoneyBobaBear
masondenverr,mason
nicoletv,Kayla Nicole
aquajock_h2bro,JÃ¦BÃ¦
terryreloaded,Terry Reloaded
soysuco,soysuco
itzyofficial,ITZY
oldtimehawkey,Old Time Hawkey
missionaryjack,Jack Harlow
conormaynard,Conor Maynard
conormaynard,Conor Maynard
itssassagurl,Sassa Gurl
terryreloaded,Terry Reloaded
jimmydarts,Jimmy Darts
alshad95,Alshad Ahmad
bayashi.tiktok,ãƒãƒ¤ã‚·ğŸ¥‘Bayashi
rosalia,La Rosalia
daniel.labelle,Daniel LaBelle
masonmount,Mason Mount
theandrewschulz,Andrew Schulz
activesufi,activesufi
hayleygeorgiamorris,Hayley Morris
lilnasx,lil nas x
willsmith,Will Smith
clarissaperezlara,Clari
spriteder_spd,Prite Netijen Netirattanapaiboon
paytonking,Payton King
lexibrookerivera,Lexi Rivera
snoopdogg,Snoop Dogg
tuckerbudzyn,tuckerbudzyn
jaykindafunny8,Jaykindafunny
solsito.pe,Solsito.pe
jake2r,"Jake2r, Ph.D."
thejoeyswoll,Joey Swoll
kallmekris,Kris HC
jdpantoja,JD Pantoja
datvilla94,ğŸ”¥Äáº¡t VillağŸ”¥
haileybieber,Hailey Bieber
big.johns,Big Johns
cleanpuppy,Chloe Cherry
arabstay,ğ•Šğ•¥ğ•£ğ•’ğ•ª ğ•œğ•šğ••ğ•¤
aitch12,Aitch
doctorgraves,Dr.Graves
fredziownik_art,Franek Bielak
vibin.wit.tay,Tay
cedriklorenzen,Cedrik Lorenzen
vanessalopesr,Vanessa Lopes
rustam_mayer_djavid,RUSTAM MAYER
soojinicoreana,Chingu Amiga
jinisprotips,ğŸ’¡ Jini ğŸ’¡
esen_alva,Esen
drew.nori,Drew Nori
wuesilva,Wue Silva
thallyssonsb,Thallysson Borges
natemyburgh,Nate
soso_aroundtheworld,Sosonebieridze
newboyjosh,Newboyjosh
initiaraandini,tiara andini
iamkevingates,Kevin Gates
max7424453118,Max Taylor
danya_milokhin,danya_milokhin
samanthalogan,Samantha Logan
jakekrantz1,Jake Krantz
fujiiian,Fuji
vincentmarcus,VincentMarcus
hongthanhofficial,HongThanhOfficial
kervo.dolo,Kervo.dolo
zachjustice,Zach Justice
qamar_altaey,ğ“†©ğ‘„ğ´ğ‘€ğ´ğ‘…Â¹â¶ğ“†ª
fortnitekanal.exe,Fortnitekanal.exe
m.wardy_14,ÙˆØ±Ø¯Ù‰
ynchq,Ğ¯N
nilered,NileRed
besttoks,besttoks
miketoks,Miketoks
tiktokmena,TikTok MENA
eyavanana,Eya
john.leitao,John LeitÃ£o
brunodiferente2022,Bruno Diferente
sugarcoatedsisters,Tabby and Chloe
hesfinatia,PINATğŸ…|| IG: @hesfinatia
vadik_dikiy,vadik_dikiy
championsleague,Champions League
esnyrrr,Esnyr Ranollo
savanahmosss,Savanah Moss
dindahw14,Dinda Hauw
joshiiwuhhh,Joshua Alden
j3ipy_,Jeipy
morganpresleyxo,Morgan Presley
skaijackson,Skai Jackson ğŸ¥°
ssmaaaryy,Razi Monroe
vhackerr,Vinnie
tranvantre992,Tráº§n Tre Vlogs ğŸ‰
jwaltonnn,á´Šâš¡ï¸
kubenjoy,KUBenjoy
jdiasss_,JoÃ£o Dias
evcnoble,Everett Noble
victormelo,Victor Melo
emilen_im,Ğ­Ğ¼Ğ¸Ğ»ÑŒĞµĞ½
ehlija,Eh Lija
thoriqhal,thariqhalilintar
afgsuga,Afg Suga Official
jen_wolff,jenny
tubbynugget,Tubby Nugget
rescuerestore,Rescue & Restore
baddest4bitches,Edda
_itsstefano_,It'sStefano
guryan_off,Ğ“ÑƒÑ€ÑŒÑĞ½Ğ¾Ğ² ĞœĞ°ĞºÑĞ¸Ğ¼
thebenjishow,benji
mikaelatesta,Mikaela Testa
grillervm,GrillerVM
riaricis,Ria Ricis
lizzza,Liza Koshy
elmarianaa,ElMariana
somi_official_,JEON SOMI
craggygames,Craggy Games
gritside,gritside
charlieputh,Charlie Puth
spencer_serafica,Xspencer
mikaylahau,Mikaylah
kevinprieto077,kevinprieto077
christianfabiannn,Christian FabiÃ¡n D.
brotherofcolor,Heyimparis
gavrilinaa,Ğ®Ğ»ÑŒĞºĞ° Ğ¨Ğ¿ÑƒĞ»ÑŒĞºĞ°ğŸ•·ğŸ•¸
phun.anh,PhÃ¹n Anh
tooturnttony,Tooturnttony
baimwong,Baim Wong
maxtaylorlifts,Max Taylor
kimberly11sofia,âœ¨Kimberly11sofiaâœ¨
lourdasprec,LOURD
katiavlogss,KATIAVLOGSğŸ’
itslennnie,lennnie
couragejd,Jack CouRage Dunlop
karimmahmoudabdelaziz,Karim Mahmoud Abdel Aziz
jbdjebb,Jean-Baptiste Djebbari
dailymug69,Itâ€™s a sad story...
superfirsthero,Ğ¡Ğ£ĞŸĞ•Ğ ĞŸĞ•Ğ Ğ’Ğ«Ğ™Ğ“Ğ•Ğ ĞĞ™
cookingwithlynja,Lynja
gordonramsayofficial,Gordon Ramsay
nabela,nabela
alexwaarren,Alex warren
ayesebastien,Sebastien
jamie32bsh,Jamie Big Sorrel Hor
maxthemeatguy,Max The Meat Guy
andy.and.michelle,Andy & Michelle
realmsp,RealMsP
gameofthrones,Game of Thrones
ameliadimz,ameliadimz
chris,Chris Olsen
isaach.p,Isaac H.P
billlnai,nai
samseats,Sam Way
soysuco_ff,Suco Ismael
gaynadia,nadia
thatlittlepuff,ThatLittlePuff
lachama4_ff,LA CHAMA á´°
envydo,envy
k1lauea,killazz
noreportar08,noreportar08
elrodcontreras,RODğŸ¥´
k1lauea,killazz
noreportar08,noreportar08
elrodcontreras,RODğŸ¥´
kpp2179393999,ãã‚ƒã‚Šãƒ¼ã±ã¿ã‚…ã±ã¿ã‚…ã®è£å¢
elgato,Rodrigo EL GATO
carolfermichh,CarolFerMichh
montpantoja,Montpantoja
mmmjoemele,Joe Mele
1xgoku,goku
anthonnyswagg3,anthonnyswagg
bjjojo_,jğŸjğŸ¦‹fan
uberkuloz,Berk Keklik
nilskue,Nils Kuesel
mcsilsiloficial,@mcsilsiloficial
labrinth,Labrinth
oilywhitehat,ğŸ”Œ
jacksepticeye,Jacksepticeye
marisol.viola,marisol viola
strangehumano,strangehumman NOVA
playboyjuju,ğŸ•·
itsjessibaby,Jessi
bbykevv_,Kevin Nguyen
nykolasteles,Nykolas Teles
morimura,MoriMurağŸ•
danisoomin,daniela kim
tenderlybaemusic,tenderlybae
ig_alongwiranda,ğŸ•ŒğŸƒ
crisdevilgamer7,CrisDevilGamer
meishmoe,meishmoe
maylathanzin,Maylathanzin
zuuzina,ğŸ‘½
jennifergarner,Jen Garner
seventeen17_official,SEVENTEEN
meosimmyyt,MÃ¨o Simmy
mariabecerra_22,Maria Becerra
frostech,FROSTECH
p0_2,Ù…Ø´Ø§Ø±ÙŠ Ø¨Ù† Ø¹Ø¨Ø¯Ø§Ù„Ø¹Ø²ÙŠØ²  -
joelbergs,JoelBergs
euro2024,EURO2024
daz_black,daz_black
claragnds,Maria Clara Garcia
desartdestro,desartdestro
camilacabello,Camila Cabello
berkcoskunofficial,Berk CoÅŸkun
ser.geybin,Ser Geybin
anthpo,Anthony Po
erikarichardo,erika
thegnshow,The Graham Norton Show
cx_.q,Ù…ØµØ·ÙÙ‰ Ø§Ù„Ø¨ØµØ±Ø§ÙˆÙŠ 62
owen.han,MANGIAMOH
keniaos,KeniaOs
angryreactions,Oneya Dâ€™Amelio
saraecheagaray,sara
ana_eusse,Ana Maria
ani__mel,Melody ğŸŒ±
julianjacob,Julian Jacob
averywit,Avery
buithanhtuyen2003,ğ“ğ®ğ²ğÌ‚Ì€ğ§ ğ—ğ® ğ“ğ• ğŸ’¦
emilythetrimmer,Emily Mohring
fabru_blacutt,Fabru
yoangelolo,Angelo Bahu
virginiafonseca,Virginia
haritsuuu,ãƒãƒªãƒ„ğŸŒ¿æ¥µ
thekapelariz,The Kapelari Family
camavinga,Eduardo Camavinga
feezius,feezius
lights.are.off,LIGHTS ARE OFF
benjaminmaissecret,benjamin
calebrownn,Cale Brown
realuser_1,Jrm
anas_elshayib,Ø§Ù†Ø³ Ø§Ù„Ø´Ø§ÙŠØ¨
caleb.finn,ï¼³ï½”ï½ï½™ã€€ï½ˆï½™ï½„ï½’ï½ï½”ï½…ï½„ã€€ç·¯ä¿ºãª
hi_arvans,arvanss
theestallion,Megan Thee Stallion
rubentuestaok,Ruben Tuesta
kingbach,KingBach
rdcworld1,Mark Phillips
anna..paull,Anna Paul
drewafualo,Drew Afualo
scottkress_,scottkress
dixiedamelio,dixie
nianaguerrero,Niana Guerrero
benoftheweek,ben de almeida
maiaknight,Maia Knight
theovon,Theo Von
abbieherbert,AbbieHerbert
yazidoe,YaziDoe
loewhaley,Laura
georgieanthony,georgie munoz
.blue_devil,Why Not ? âœ§
ya_gazdanova,ĞĞ¸Ğ½Ğ° Ğ“Ğ°Ğ·Ğ´Ğ°Ğ½Ğ¾Ğ²Ğ°
piperrockelle,Piperrockelle
incorrectlyroce,Roce OrdoÃ±ez
wayeelkaboy10,Wayeelka boy10
joaoferdnan,JoÃ£o Ferdnan
simpleputin,ĞŸÑ€Ğ¾ÑÑ‚Ğ¾ ĞŸÑƒÑ‚Ğ¸Ğ½
chapaevva,Ñ‡Ğ°Ğ¿Ğ°ĞµĞ²Ğ°
lyna_com,lyna_com2000
arigameplays,AriGameplays
tommyinnit,Tommy
arigameplays,AriGameplays
tommyinnit,Tommy
alexisomman,Alexis Omman
samadhiza_,samadhiza
joerauth_,Joe rauth
danielarodrice,Daniela Rodrice
official_kep1er,Kep1er
sucss.s,AÃ§ucena Guirra
veydi_rush,veydi_rush
davidsiwonchoi,ìµœì‹œì› â€¢ Siwon Choi
livvy,Olivia Dunne
catherineealicia,catheez
bonjee,Bonjee
tuckercomedy,Tucker Reynolds
jennifer_aplicano,Jennifer AplÃ­cano
qonitcah,Qonitcah | Health Education
carolcastromx,Carol Castro
vorostwins,vorostwins
tiagodionisio,Tiago_Dionisio
magic_daniell,Magic Daniell
3tl.team,3TL
nessaabarrett,Nessa Barrett
saeemm2002,Samantha Ancheta
nate.dawg.com,Nate dawg
larissagloor,ğ—Ÿğ—®ğ—¿ğ—¶ğ˜€ğ˜€ğ—® ğ—šğ—¹ğ—¼ğ—¼ğ—¿
xshueur,Ò“á´‡á´‡ÊŸÉªÉ´É¢
cleanpuppy,Chloe Cherry
tootymcnooty,TootyMcNooty
miakhalifa,Mia K.
notraymodeli,Modeli
axelwebber,Axel
baebyshaa,shalynne
momonatamada,Momona Tamada
nikkietutorials,nikkietutorials
spicyycam_,Spicy Cam
sa_ro01,sarağŸ’œ
byniaromero,Nia Romero
_vqsngi.03_,GhÃ©t mÃ´n ToÃ¡n =)))
oblomoffrecipe,oblomoffrecipe
yg_treasure_tiktok,yg_treasure_official
luq_music,LUQ_MUSIC
bradtheboxer,Just brad
ftedooda,ğŸ›„
kurtisconner,kurtis conner
maskrayy1,maskrayy1
babybella777,Bella Hadid
trainee_a,Trainee A
texasbushman,Texas BUSHMAN
ugolord,âš–ï¸ The TikTok Attorney âš–ï¸
fedevigevani,Fede Vigevani
nam_patcharaporn,Namfon
endomarf,â˜»â˜†EndoMarfaâ˜†â˜»
dasigantung,Dasi Gantung
llucastorresg,Lucas Torres
bungalow_jonathan,Bungalow Jonathan
.aidenbeaudry,.aidenbeaudry_official
cbum,Chris Bumstead
rebeccazamolo,rebecca zamolo
farrelhkeem,FAğŸ§›
cellat36,cellat36
clexxd,clexxd
yodeege,Deege
brentrivera,Brent Rivera
herranwalt,Herr Anwalt
europaleague,Europa League
danivallem,Dani Valle
nourmar5,nourmar5
nada_m7amed,Ø¯ÙˆØ¯Ø§ğŸ¦¹ğŸ»ğŸ¤
ox_zung,ì›ì •ë§¨ WonJeong
thor.aya,Thoraya Maronesy
caocuongvu,caocuongvu
renpc_,âœ¨Ren PCâœ¨
julesleblanc,jules
alexhook2303,ĞĞ»ĞµĞºÑĞ°Ğ½Ğ´Ñ€
laurahfritz,laura & lena
corvii_ff,EL CORVII ğŸ­
gabimfmoura,Gabriela Moura
bottleofdjinn,HIM
mohmadtra,ØªØ±ÙÙˆÙ„ØªØ§
respectme90,Football  âš½ï¸ Ñ„ÑƒÑ‚Ğ±Ğ¾Ğ»
soycintiacossio,Cintia Cossio
thegoodhype,Goodlin Siblings
carolvillanes,Carol Villanes
just_jenoah_,Jenoah Santiago
datdo0803,Äá»— Äáº¡t
robgronkowski,gronk
___nicoichi___,NICOã€å¹³æˆãƒ•ãƒ©ãƒŸãƒ³ã‚´ã€‘
pablitocastilloo,pablitocastilloo
iamjonathanpeter,Jonathan Peter
meowlife7,Cats is life
pimpiriya1,PIM PIRIYA
ferchugimenez,Fernanda
homm9k,Ğ¥ĞĞœĞ¯Ğš
mndiaye_97,mndiaye_97
linatejeiro8,Lina Tejeiro
www.m4th.com,math!eu
dovecameron,Dove Cameron
sjbleau,SJ
ginescorreguela,GinÃ©s correguela
mrzeooficial,MR ZEO ğŸ‡©ğŸ‡´
stellajero16,Vester Ajero
teokun711abc,ãƒ†ã‚ªãã‚“@å¹¸ã›è€…
ajo.ozil,ğ™†ğ™ªğ™§ğ™£ğ™ğ™– van ğ™‚ğ™ªğ™¨ğ™¢ğ™–ğ™£
mr_paul.boy,"ĞŸĞ°ÑƒĞ», Ğ»Ğ¸Ğ±Ğ¾ Ğ¿Ñ€Ğ¾ÑÑ‚Ğ¾ ĞŸĞ°ÑˆĞ°"
rblx.dreyzon,ğŸ¤ Ğ”Ğ Ğ­Ğ™Ğ—ĞĞ â€¢ Ğ ĞĞ‘Ğ›ĞĞšĞ¡ ğŸ¤
mattiastanga,Mattia Stanga
hannahbahng,hannahbahng
haositofficial,HaositOfficial
kdramas_klis,âœ¨KLISâœ¨
mhc_f_f,âœ§â˜½ ğ’¹ ğ“‡ ğ‘’ ğ’¶ ğ“‚ ğ’¾ ğ“ƒ ğ‘” â˜¾âœ§
yurielkysojeda,Yurielkys Ojeda
elsalsely00,ğŸ¥‡ Ø§Ù„Ø³Ù„Ø³ÙŠÙ„ÙŠ ğŸ¥‡
mayanelsayed,Mayan El Sayed
wasyanka,Ğ’Ğ°ÑĞ¸Ğ»Ğ¸Ğ¹
vidhia_r,Vidhi_R
com.yamato0515,ã€ã‚³ãƒ ãƒ‰ãƒƒãƒˆã€‘ã‚„ã¾ã¨
kaylamalecc,kayla
munchieslab,MartÃ­n
albert_cancook,Albert Niazhvinski
juaniquilador,JuanSGuarnizo
cerenyaldz,Ceren YaldÄ±z
thedannyphantom,danny
cindylauw,CindyLauw
gehadhassann,Gehad hassanğŸ‘¸ğŸ»
dudamaryah,dudamaryah
the.revival,Revival
gavinmagnus,GavinMagnus
ermmm.umm,user569215425698
thegerbers_,ğŸ§¡ĞœĞ°ÑˆĞ° Ğ¸ Ğ Ğ¾Ğ±ĞµÑ€Ñ‚ğŸ§¡
hiagodosvideos,Hiago Marques
andweaso,Andrea
luisvelody,Luis Velody
yoshi30244781481,ã«ã£ã—ãƒ¼
the_joe_gatto,joe_gatto
frankielapenna,Frankie LaPenna
.diana__tc,Diana TC
matsudake,M2DK/ãƒãƒ„ãƒ€å®¶ã®æ—¥å¸¸
anokhinalz,Ğnokhina Liza
mranto,Anto Garcia
iheartmemphis,iHeartMemphisğŸ”¥
sobrevivente13,Edelson Ribeiro
pam_a_cake,Pam
ardkth,ğŠğ¢ğ¦ ğ€ğ‘ğ
cemresolmaz,cemre solmaz
philipdefranco,Philip DeFranco
otakoyakisoba,otakoyakisoba
freeritzyralph,Ritzyralph
jhothsa,jhothsa
icebox,icebox
tatiana1964_2,Ğ¢Ğ°Ñ‚ÑŒÑĞ½Ğ°
nmixx_official,NMIXX
bmbsh7,Ø¨Ù…Ø¨Ø´ Ø§Ù„Ø³ÙŠØ¯â™¦ï¸bimbshâ™¦ï¸
jackjos3ph,Jack Joseph
bikedasher,Patrick
benjikrol,Benji Krol
djmariio,DjMaRiiO
reeh__augusto,Reeh Augusto
onlyjayus,Bella Avila
sabrinacarpenter,Sabrina Carpenter
barbaracoura,BÃ¡rbara Coura
ngikuttrendaja,Ahmad Rizki
rayssabuq,Rayssa Buq
olisboa,LISBOA
mimiermakeup,Mirta Miler
verycooll_real,Very Cool
just.hamilton,Just Hamilton
michou_yt,Michou
gregisms,Gregismsâ€™ Neighborhood
butt.erhand,Lucie
gbandme,GB and ME
fransfaisal_real,frans faisal
officialjellyroll,Jelly Roll
lossiblings_,LossiblingsğŸ­
davidgetial,deivis
zodiac.boyfriend,Zodiac BoyfriendğŸªğŸ”®
michellerenaud,Michelle Renaud
kelvin__silvaa,Kelvin__silvaaa
user4350486101671,user4350486101671
jeison_giraldo,JeisonGiraldo
chrisdelia,ChrisDElia
lightskinkeisha,LightSkinKeisha
larasilvan,Tik Toker
la_lerma,LERMITA
duolingo,Duolingo
danythegaggio,Daniele Cabras
dari_wadha_home,Dari_wadha_home
pkllipe,Pk
aloserishere_,ğ™‡ğ™¤ğ™¨ğ™šğ™§.
olivertree,Oliver Tree
lonely.moods,:)
jessnolimit999,Jess No Limit
sooshimango,Sooshi Mango
spider_slack,spider_slack
realmadrid,Real Madrid C.F.
leanadeeb,Leana Deeb
jonathanbecerraoficial,Jonathan Becerra
officialturk,Officialturk
isabuenox,Isabelle Bueno
peachypollo,Emillee
monabouchon_,Monabouchon
monabouchon_,Monabouchon
reymbayang,Rey
noahbeck,noah beck
limaunipisofficial,limaunipisofficial
therealhammytv,TheRealHammyTV
matheusevitoriaofc,Matheus e Vitoria
7iprast,ğ—¶ğ—¡ğ—¦ğ—¢ğ— 
oli_natu,Oli Natu
sebbylaz,Seb Laz
r___.89,ğ‘€ğ‘–ğ‘ ğ‘¡ğ‘’ğ‘Ÿ ğ‘…ğ‘’ğ‘’ğ‘šğ‘ ğŸ˜¾âœ¨.
anwar,Anwar Jibawi
blake.snider,Blake Snider
alejwho,Alejandro
anitta,Anitta
tangychu,Ğ¢Ğ°Ğ½Ğ³Ğ¸ ÑˆÑ‚Ğ¾Ğ»Ğµ
newt,newt
brookemonk_,Brooke Monk
psg,psg
roy.0fficial,Roy.official
nicollefigueroaa,Nicolle Figueroa
ucgj7,â˜ï¸Ğ‘Ğ¸Ğ¿Ğ¾Ğ»ÑÑ€Ğ¾Ñ‡ĞºĞ°ğŸ‘†
startup.mp4,startup.mp4
beca,Rebeca Barreto
glebpiano,Ğ“Ğ»ĞµĞ± ĞŸÑŒÑĞ½Ñ‹Ñ…
emilyfauver,emily&ella
mikaylanogueira,Mikayla Nogueira
ivanovik.83,ivanovik.1983
francis.bourgeois,Francis Bourgeois
kaan.etm,Kaan
ramonvitor,ramonvitor
imreddtv,REDD
scarlettsspam2,scarlett
siscakohl,Sisca Kohl
_andrewcurtiss,Andrew Curtis
_xndirizlky_,_xndi rizlky_
kingmajesty_princessrose,Nelson and Rose
serchexmx,Serchex
hoaminzy_hoadambut,HoÃ  Minzy
samsung_guy,Callum
arbooks__,Arbooks
eduincaz5,Eduin Caz
agigigrigio,Giovanna Grigio
kienreview90,Kien Review
kallmewhateveryouwant,kallmewhateveryouwant
kopke613,kopke613
colewherld,colegonzales
zloinvfx,Stanislav Anisimov
yordy_yor,Yordy_Yor
countingshleeps,blake
jasminechiswell,Jasmine Chiswell
fjerry,FJerry
roportajadam,Mahsun Karaca
outtpig,Cameron Perez
qpark,Q Park
andcarli,Anderson Carli
mitzakoff,lucasmitzakoff
itsjojosiwa,JoJo Siwa
good.boy.ollie,Good Boy Ollie
alaa.ayyman,ALaa Ayman
jj_olatunji4,ğŸ‡¬ğŸ‡§ğŸ‡¬ğŸ‡§ğŸ‡¬ğŸ‡§
leaelui,Lea Elui
innkastar,Innkastar
anilinom,anilinom
mileshampton,WilsonsHouse
mastercorbuzier,Deddy Corbuzier
djraulitooficial,Dj Raulito
brandonspam_,Brandon Conner
paulaverhoeven,Paula Verhoeven
madisonpettis,Madison Pettis
arianagrande,arianagrande
vekalife24,vekalife
westbrouck,Mattie
the.big.mike,The Big Mike
.mats.ftl,â¤ï¸â€ğŸ”¥Ğ›Ñ‘ÑˆĞ° ĞœÑÑ‚Ñâ¤ï¸â€ğŸ”¥
bilalfadilii,Bilal Fadili
jaydafnwayda,JAYDA WAYDA
vzelivx,vzelivx
benoit_chevalier,BenoÃ®t Chevalier
ninogashi,NinoGashi
twice_tiktok_official,TWICE
beniju03,BENIJU
chourouk.model_official,Chourouk_model_official
shabiraalulaadnan,Shabiraalula&Ayah
ryskalamarcysia,ryskalamarcysia
namyulenka,Namy
tu.terapeuta.en.tiktok,Leandro Olszanski
devincaherly,Devin Caherly
itsmatheuscosta,Matheus Costa
virguleanimaleshow,VirguleAnimaleShow
vtkh2004,VÅ© Thá»‹ KhÃ¡nh Huyá»n
mateuspesce,Pesce
how.kev.eats,how.kev.eats
zubarefff,Ğ—ÑƒĞ±Ğ°Ñ€ĞµĞ² ĞĞ»ĞµĞºÑĞ°Ğ½Ğ´Ñ€
vancityreynolds,Ryan Reynolds
clecolucci,ClÃ© Colucci
mr.v1bez,MR.VIBEZ
nosoychaparro,Luis Chaparro
lilyxgarcia,Lily Garcia
juanpazurita,Juanpa Zurita
juandaniel.ibarra,Daniel Ibarra
juandaniel.ibarra,Daniel Ibarra
maddiebools,Maddie
abir.sag,Abir e sag
lexychaplin,Lexy
mich_gzl,Michelle GonzÃ¡lez
more.annapaul,More Anna
ktlynraps,Ktlyn
yano4kaa.aaa,Yano4kaa.aa
baga..genius,ĞœĞ¾Ğ»Ğ¾Ğ´Ğ¾Ğ¹ Ğ“ĞµĞ½Ğ¸Ğ¹
lelepons,Lele Pons
n.vv3,Ù†Ø§ØµØ± || ğŸ‡¸ğŸ‡¦ alsubaie ..
flakeysalt,Joshua weissman
kikakiim,Kika Kim
emilymariko,Emily Mariko
milos.guzel,Milos
hashbrotatoes,H&SH Brotatoes
diana_aster,ğŸ’— DIANA ASTER ğŸ’—
gabrielabee,GABI BEE
igorjansen,igorjansen
ifluent,iFluent
mateus_hwang,Mateus Hwang
taimmm8,888
mandrake1984real,Giuseppe Mandrake Ninno
lisav_,Ğ½Ñƒ Ğ»Ğ¸Ğ·
chadio,Chad Epps ğŸ¦’
rachyohumlek,à¸£à¸±à¸Šà¹‚à¸¢à¸•à¸±à¸§à¸›à¸¥à¸­à¸¡à¸™à¸­à¸à¸™à¸±à¹‰à¸™à¸ˆà¸£à¸´à¸‡à¸«à¸¡à¸”
aiki_kr,ì•„ì´í‚¤ Aiki
itsmenicksmithy,Nick Smithyman ğŸ¤“
alexiatamiraa,ğŸ“Alexia TamirağŸ“
v1ctoryuh3.0,sexy lady
taavmaki,Taav
esnyrdump,esnyrdump
andersonprofetaa,Anderson Profeta
jason.nms,Jayway
cassholland,Cassie Holland
pokrov,ĞĞĞ¯ ĞŸĞĞšĞ ĞĞ’ğŸ¥‘
rhyadmuslim,Rhyad â˜ï¸
bretmanrock,bretmanrock
alvesdudas,mariÃª
monika.kociolek,Monika KocioÅ‚ek
sanae33359,San AE
iben_ma,Iben M.A.
fes.ti_,festi
imanthonyvargas,Anthony Vargas
wicsur,â™¥ï¸Ğ‘Ğ˜Ğ¡ĞšĞĞ¡â™¥ï¸
sxmplyni,Simply NiğŸŒ±
itsqcp,QCP
ssanwhere,hassan
lizzebethmuaa,Lizzebethmuaa
crispy,Crispy Concords
blythe,Andrea Brillantes
kmiloop,Kmilooo
ilhamputrayuda,Ilham Yuda
anyaischuk,Anya Ischuk
diegodiego_,Diego Cruz
winnermaxyt,WinnerMax
rafaelsantos,Rafael Santos
lkzinhu,LK
mercuri_88,Manuel Mercuri
saxcy,saxcy
mdmotivator,Zachery Dereniowski
c.tangana,C. Tangana
nuhchez,Nuhchez
mieayamthebstt,UnaağŸœ
ayutingting,Ayu Ting Ting
yailinlamasviraloficial_,Yailin La MÃ¡s Viral
sehataqua,SehatAQUA
jordanemel,Jordan e Mel
gingerbilly1,GingerBilly1
samkamusic,INSTASAMKA
jaxwritessongs,Jax
sthefane.matos,Sthefane Matos
son0_0,ì†ìƒˆë²½
flickerspark_,flickerspark_
kostyxd,Sergi Cabrer
mahalinzi,Mahalini Raharja
jesusangelperezoficial,ğŸš¨ ESE PÃ‰REZ ğŸš¨
tarankaaa,Dasha Taran
its.michhh,Michel Chavez
aileenchristineee,Aileenchristineee
mads.yo,Madison
itstalasafwan,ØªØ§Ù„Ø§ ØµÙÙˆØ§Ù† | Tala SafwanğŸŒµğŸ‘¸ğŸ½
karenos11,ğŠğšğ«ğğ§ ğğ¬
jojohfsex,fullhyp3
nansartt,nansartt
aviranisha,Avira Nisha
03emergenxy,meyes not mayes
nuun____,Nuun ğŸ‚
iloveyourmomscatt,
thongsoaicavip,ThÃ´ng SoÃ¡i Ca
ivanantoniochacon,Tik Toker
jhekhoos,Jecus Andrei
kimpeeee,Kim Lajara
birdsarentreal,Birds Arenâ€™t Real
markoterzo,M A R K O
nnatalieaguilar,natalie & the aguilars
halinhofficial,Ha Linh Official
sosiadoneymar,Eigon Oliver
saadradio,Saad
leleburnier,LELÃŠ BURNIER
thelandofboggs,The Land Of Boggs
yuna1_27,ğŸšYuna_ìœ ë‚˜ğŸ¤
abaas_majid_,Ø¹Ø¨Ø§Ø³ Ù…Ø§Ø¬Ø¯
muhammetalisarii,Muhammet Ali SarÄ±
theluciole,Luciole
dafaatmja,Dafaatmja
pushistyk,VL
juliano,julianofloss
nicholas_crown,Nicholas Crown
oipedrodaher,Pedro Daher
jimena.jimenezr,Jimena
mellacarli,Mella Carli
viktoriya__bars,Viktoriya Bars
missmarymmouser,missmarymmouser
coleandersonj,Cole Anderson James
pumbacaracal,PumbaCaracal
the_green_car,The Green Car
providingforthecommunity,Russel Cameron
hannahstocking,Hannah Stocking
pk.99999,PHUKLA
lilchefmil,Milan Bhayana
jeremylynch,JeremyLynch
ph1lzatiktok,Ph1LzA
jack_papho69,à¹à¸ˆà¹‡à¸ à¹à¸›à¸›à¹‚à¸®
cesarpantoja.n,Cesar Pantoja
yajanaaa,Yajana Cano
dilaraaduman,Dilara Duman
justinbieber,Justin Bieber
lukedonkin,Luke Donkin
alexxxxan,ĞºĞ¾Ñ‚Ğ¸Ğº
monsieurpof,Monsieur Pof
dennnyn,DENII
lauratheux,Laura Theux
com.hyuga1117,ã€ã‚³ãƒ ãƒ‰ãƒƒãƒˆã€‘ ã²ã‚…ã†ãŒ
robegrill,Roberto Morales
emoglam,ĞµĞ¼Ğ¾glaĞ¼
luvtheflex,taryn
jombospice,JOMBOSPICE
rusuh_brooo,RUSUH BROOO
shandyjuragan99,Shandyjuragan99
pjmxck,ğ‚ğ¡ğ¢ğ¤ğšâ·
kamashrafi,kamran
najihmumtaz,Najih Mumtaz945
chelseahartisme,Chelsea Hart
gheayoubi08,Gheayoubi
annaxsitar,anna x
y.i.m_,ĞÑ‚Ğ±Ğ¾Ñ€Ğ½Ñ‹Ğ¹ ÑĞ¼Ğ¾Ñ€ Ğ¸ ĞºĞ¾Ğ¼ĞµĞ´Ğ¸Ñ ğŸ­
matsu_kusarine,ãƒ©ãƒ–ãƒãƒ„ (LOVEMATSU)
beinsports,beINSPORTS
_mister_z,Marco Zedda
.shuberrr,Ğ¼Ğ°ĞºÑĞ¾Ğ½Ñ‡Ğ¸q
maharanikemala,maharanikemala
analisseworld,Analisseworld
jairsanchezzz,Jair Sanchez
machikayt,MachikaYT
michaelrendyw,Michael Rendy W
dobretwins,Lucas and Marcus
swagboyq,SwagBoyQ on IG
xoomid,Xoomid
_nch04,ğğ ğ®ğ²ğÌ‚Ìƒğ§ ğ‡ğšÌ‰ğ¢
davidgalvanv,David GalvÃ¡n
usernamepuntaktahu,CEO OF SEKOLAH
primkung007,PRIMKUNG
isabelgiannuzzi,Isabel
baileyspinn,bailey
summerwalker,Summer Walker
huynh_quang_6767,Huá»³nh Quang - Báº£o Ngá»c
bs_fo4eek,Fo4eek
carloandsarah,
nadaakkhaledd,Nada khaled
ups,UPS
ninja,Ninja
attahalilintar,Atta Halilintar
nam.per,Nam Per
leal_stephany,Stephany Leal
lucaslopezvilet,Lucas Lopez
vlad.hoshin,HOSHIN
kauanahofem,Kau
xolyssarosexo,Lyssa
joe.bartolozzi,Joe Bartolozzi
maxkhadarr,max khadar
jacksonaces,JACKSON ACES MAGICğŸ©
ninjagirldraws,Dania
trien.13,TRIá»‚N CHILL
connordewolfe,Connor DeWolfe
loupernaut,Lou PERNAUT
bxyeditss,[panyo ni irene]
totochegang,Anto
luciiasanese,lu
nickandcarrie,Nick&Carrie
juanchimy,Juan Lopez
bene.schulz,Bene
com.amugiri2,ã€ã‚³ãƒ ãƒ‰ãƒƒãƒˆã€‘ã‚ã‚€ãã‚Š
goldwin.reyes,GOLDWIN REYES
lulu_pt,Lulu
itskingchris,KingChristian
fahmi.nm,Fahmi
farhanrn__,FARHAN
liltjay,Lil Tjay
vilmeijuga,VILMEIâœ¨
faryanggaa,Ryann
gordeewa__13,Ğ²ĞµÑ‡Ğ½Ğ¾ Ğ¸Ğ·ÑÑ‰Ğ½Ğ°Ñ
fadiljaidi,Fadil Jaidi
darianrojasc,D A R I A NR O J A S
ibaillanos,Ibai
tsezy,Tommy
linhkool1993,Linh Kool
rayanfahmi,Rayoon
unnecessaryinventions,unnecessaryinvention
basementgang,Basement Gang
bessan_esmail,Ø¨ÙŠØ³Ø§Ù† Ø§Ø³Ù…Ø§Ø¹ÙŠÙ„ - Bessan Ismail
com.yuma1214,ã€ã‚³ãƒ ãƒ‰ãƒƒãƒˆã€‘ã‚†ã†ã¾
anggun_core,anggunâœ¨
xibibrothers,Xibi Brothers
moni_lina,MoniLina
avani,avani
haijoel,Haijoel
samanthayve,samantha eve
hoaa.hanassii,ÄÃ o LÃª PhÆ°Æ¡ng Hoa
ryanbakery,ğ™ğ™®ğ™–ğ™£ğ˜½ğ™–ğ™ ğ™šğ™§ğ™®
djprecise,DJ Precise
jeffreestar,Jeffree Star
christiandaloii_,Christiandaloii_
abdullah_eltourky,Eltourky ğŸ‘‘
oironyoliveira,Kbuloso ğŸ˜ˆ
lana_mohd89,ğ‘³ğ‘¨ğ‘µğ‘¨ ğŸ¦‹
lyrico__,ÊŸÊÊ€Éªá´„á´
beasteater,BeastEater
nick.digiovanni,nick.digiovanni
milosramen,JacobğŸ‡­ğŸ‡³
steveharvey,Steve Harvey
ngoanhtan1,Báº¡n Táº¥n chÃºa tá»ƒ ná»—i buá»“n
gemelasabello2,gemelasabello2
creatorar,Arpostt
vanrezaputra,Elaina
bestluxurycars,Bestluxurycars
johaanzu,JohaanZu
nelyrall,NELYRALL
leigh_mcnasty,Leigh McClendon
xo4y_remont56,user4538340664186
sofarsabi,SOFARSABI
cerolzera,CEROL
animalize21,animalize21ğŸ”¥
itspierreboo,Pierre
lorengray,Loren Gray
football.tonight,football.tonight
danielmidas,danielmidas
laila_mahmoud62,Ù„ÙŠÙ„ÙŠ Ù…Ø­Ù…ÙˆØ¯ â™¥ï¸
quintongriggs,Q U I N T O N
erictro,Eric Tro
doongool,ğŸ”¥DongolğŸ”¥
madozilla,mad
anxietycouple,Anxiety couple
nildachiaraviglio,NildaChiaraviglio
haccon.01,ğ‡ğšÌ£ğœ ğ‚ğ¨ğ§ğŸ¦©
fukada0318,æ·±ç”°ãˆã„ã¿
ahmedbasyoni,Ahmed Basyoni
sinadeinert,sinadeinert
austinandlexi,âš¡ï¸Austin & Lexi ğŸ’¥
jayrscottyy,Jordan Scott
manja_faiez,Manja
moontellthat,MOONTELLTHAT
baraa.bolat,@baraabolat
yurika_aruno,DanoneğŸ’•
360tv,ARISHA ROSS
its.__yara,its._yara
ava_love33,Ava Love
mohaimen.alaa,Ù…Ù‡ÙŠÙ…Ù† Ø¹Ù„Ø§Ø¡
officialsalicerose,Salice Rose
hisoyvaleria,â–V A L E R I A â–
saaihalilintar,SAAIH HALILINTAR
pierson,Pierson
mursid241,Mursid
stayc_official,STAYC
liamsilk,Liam Silk
deangerald,ğ•¯ğ–Šğ–†ğ–“
polya_tuti,ĞŸĞ¾Ğ»Ñ Ñ‚ÑƒÑ‚ğŸ”¥ğŸ‘‡
trevorwallace,trevor wallace
jarvali,Jarvis
gertieinar,Gerti & Megi
_angelomarasigan,Angelo
lupinelakes,Lupine
jauncydev,jonny devaney
ivoryowl,Makayla
joshrichards,Josh Richards
haga7_dayo,HAGA SEVEN/ No WarğŸ•Š
itsmenicksmithy2,Nick Smithyman ğŸ˜
so_andreyy,So_Andrey
la.maraaa,LA MARA
paulorgds,pauloğŸŒ»
murphslife,Aaron Murphy
okthatscreepy,OkThatâ€™sCreepy
dylanpage.ning,Dylan Page
fabiola.baglieri,ğ¹ğ‘ğ‘ğ‘–ğ‘œğ‘™ğ‘
tnt_500,à¸—à¸²à¸ˆà¸´à¸¡à¸²à¸™à¸° à¹€à¸£à¸µà¸¢à¸§
rawanfahmii,rawan
bigcheese8581,Matt â€œBig Cheeseâ€
demin02_,ĞĞ¸ĞºĞ¸Ñ‚Ğ°
charlyokei,Charlyy
pollyjaewebster,Polly-Jae
leventgeiger,Levent Geiger
floofnoodles,Floofnoodles
stwartabdala,â€¢  R A T O N C I T O ğŸ§€ğŸ
com.yuta0305,ã€ã‚³ãƒ ãƒ‰ãƒƒãƒˆã€‘ã‚†ã†ãŸ
kxmzzzy,kxmz
faulox_,faulox
yourrkayesss,kayess
oliviaalpert,ğŸ˜‚ Aldo Miranda ğŸ˜‚
brodywellmaker,Brody Wellmaker
ranierao,rani
antrobo10,ğŸ˜‚ Aldo Miranda ğŸ˜‚
therealmaneskin,MÃ¥neskin
gustavomeloof,Gustavo Melo
samsamne0,Sam Samm
bassant33,ğŸ”¥bassantOfficialğŸ”¥
aichangemoy_,YT : AiChan TV
jaytorresss,ğŸ˜‚ Aldo Miranda ğŸ˜‚
xvusex,T
sibenitoo,SiBenitoo
jumpersjump,Jumpers Jump Podcast
williesalim,WILLIE SALIM
itsari.aleise,Arianna Hailey
arilbjn,Mochamad
camxnie,Cam & Nie
cristobalsoria,CristÃ³bal Soria
japeth023,japeth023
venao2323,YANFRY EL TIERNOğŸ™ˆ
kuki_yt,Kuki_youtube
ozikoy,KOY
swaghoe666,Tik Toker
robsonabreu,Robson Abreu
juliagisella,Julia Gisella
andreslleal,AndrÃ©s Leal
gabryellurlan,Gabryell Urlan
kagramanana,kagramana
yizaroff,YIZARO
adamw,Adam W
xoteam,XO Team
saydenseay,Sayden
justthenobodys,JustTheNobodys
snerixx,Sam Erix
valenrewah,Valent
cheekyboyos,the cheeky boyos
cokodive,cokodive
_tusya_kiskis,_Tusya_kiskis
danaandthewolf,danaandthewolf
pakoyaso_,Pakoyaso
zhenyalavrik,ĞŸĞµÑ€ĞµĞµĞ·Ğ´ Ğ² Ğ¢ÑƒÑ€Ñ†Ğ¸Ñ ğŸ‡¹ğŸ‡·
teukuryantr,teukuryantr
jamescharles,James Charles
zhenyalavrik,ĞŸĞµÑ€ĞµĞµĞ·Ğ´ Ğ² Ğ¢ÑƒÑ€Ñ†Ğ¸Ñ ğŸ‡¹ğŸ‡·
teukuryantr,teukuryantr
jamescharles,James Charles
cardncyn,Carddd
mariahandbill,Mariah and Bill áƒ¦
jamal.jamael,Karim Jamal
nastasyashinee,ğŸ‡®ğŸ‡© BAGUS ISTRI ğŸ‡®ğŸ‡©
riska_nurwidia,Riska Nur Widia
ermo1enko,ğŸ–¤Ğ¢Ğ’ĞĞ¯ Ğ’Ğ•Ğ§Ğ•Ğ Ğ˜ĞĞšĞğŸ–¤
mackenzieziegler,Mackenzie Ziegler
yarenalaca,Yaren Alaca
gabrielvalland,Gabriel Valland
judiitharias,Judith & Ãngel ğŸ™‹ğŸ»â€â™€ï¸ğŸ™‹ğŸ½â€â™‚ï¸
adamrayokay,ADAMRAY
ethob0t,Ethobot
soylapizito,lapizito
fadeewa_makeup,Ğ¤Ğ°Ğ´ĞµĞµĞ²Ğ°ğŸ¦
rosssmith,Ross Smith
bentleybuilds,Bentley Bastian
edwinmendozza,ğ–Šğ–‰ğ–œğ–ğ–“
cocielo,JÃºlio Cocielo
riqqo_,Riqqo_
lgndfrvr,LGNDFRVR
jajad5,jajad5
cocinaconcoqui,cocinaconcoqui
rucenuenda1,Ruce Nuenda
thaotaotau,PhÆ°Æ¡ng Tháº£o
brycehall,Bryce Hall
just_dt,Dt
seleterr,seleterr
teamsport_philipp,Teamsport_Philipp
arananadam38,Okan TaÅŸdemir
mngnzls,MONA
niico_pr,Ğ¼Ğ¸ÑˆĞ°
keemokazi,KEEMOKAZI
vivi,Vivi
german_crusader,Stardust Crusader
whitehernandez,Blanca HernÃ¡ndez
shyazryne,aEiOu
rozhkova.olesya,Roozhkova
mosqvin_,Ğ¢Ğ° ÑĞ°Ğ¼Ğ°Ñ ÑƒÑ‡Ğ¸Ğ»ĞºĞ°â¤ï¸ğŸ”¥
sepultacion,mari
kaansanity,aakaanksh
dizzlipin,diZzLipin
aldomirandar,ğŸ˜‚ Aldo Miranda ğŸ˜‚
nicolebernaal,diZzLipin
bellaretamosa,bella
tunico80,ğŸŒ Antonio TononğŸŒ 
armon.warren,Armoney
soanhvadiephihi,ğŸ˜‚ Aldo Miranda ğŸ˜‚
niico_pr,Ğ¼Ğ¸ÑˆĞ°
keemokazi,KEEMOKAZI
vivi,Vivi
german_crusader,Stardust Crusader
whitehernandez,Blanca HernÃ¡ndez
shyazryne,diZzLipin
rozhkova.olesya,ğŸ˜‚ Aldo Miranda ğŸ˜‚
mosqvin_,Ğ¢Ğ° ÑĞ°Ğ¼Ğ°Ñ ÑƒÑ‡Ğ¸Ğ»ĞºĞ°â¤ï¸ğŸ”¥
sepultacion,ğŸ˜‚ Aldo Miranda ğŸ˜‚
kaansanity,aakaanksh
dizzlipin,diZzLipin
itspierreboo,Blanca HernÃ¡ndez
lorengray,Blanca HernÃ¡ndez
football.tonight,Blanca HernÃ¡ndez
danielmidas,Blanca HernÃ¡ndez
laila_mahmoud62,Ù„ÙŠÙ„ÙŠ Ù…Ø­Ù…ÙˆØ¯ â™¥ï¸
quintongriggs,Q U I N T O N
erictro,Eric Tro
doongool,Blanca HernÃ¡ndez
madozilla,Blanca HernÃ¡ndez
saadradio,Saad
leleburnier,LELÃŠ BURNIER
thelandofboggs,Lyssa
yuna1_27,Lyssa
abaas_majid_,Lyssa
muhammetalisarii,Lyssa
theluciole,Lyssa
dafaatmja,Lyssa
pushistyk,Lyssa
juliano,Lyssa
nicholas_crown,Lyssa
roportajadam,Anto Garcia
outtpig,Anto Garcia
qpark,Anto Garcia
andcarli,Anto Garcia
mitzakoff,Anto Garcia
itsjojosiwa,Anto Garcia
good.boy.ollie,Anto Garcia
alaa.ayyman,Anto Garcia
jj_olatunji4,Anto Garcia
leaelui,Anto Garcia
incorrectlyroce,benji
wayeelkaboy10,benji
joaoferdnan,benji
simpleputin,benji
chapaevva,benji
lyna_com,benji
arigameplays,benji
tommyinnit,benji
arigameplays,benji
tommyinnit,benji
alexisomman,benji
samadhiza_,benji
joerauth_,benji
danielarodrice,benji
official_kep1er,benji
sucss.s,benji
veydi_rush,benji
davidsiwonchoi,benji
livvy,benji
catherineealicia,benji
bonjee,benji
tuckercomedy,benji
jennifer_aplicano,benji
qonitcah,benji
carolcastromx,benji
vorostwins,benji
tiagodionisio,benji
magic_daniell,benji
3tl.team,benji
nessaabarrett,benji
saeemm2002,benji
nate.dawg.com,benji
larissagloor,benji
xshueur,benji
cleanpuppy,benji
tootymcnooty,benji
miakhalifa,benji
notraymodeli,benji
axelwebber,benji
baebyshaa,benji
momonatamada,benji
nikkietutorials,benji
spicyycam_,benji
sa_ro01,benji
byniaromero,benji
_vqsngi.03_,benji
oblomoffrecipe,benji
yg_treasure_tiktok,benji
luq_music,benji
bradtheboxer,benji
ftedooda,benji
kurtisconner,benji
maskrayy1,benji
babybella777,benji
trainee_a,benji
texasbushman,benji
ugolord,benji
fedevigevani,benji
nam_patcharaporn,benji
endomarf,benji
dasigantung,benji
llucastorresg,benji
bungalow_jonathan,benji
.aidenbeaudry,benji
cbum,benji
rebeccazamolo,benji
farrelhkeem,benji
cellat36,benji
charlieputh,Charlie Puth
spencer_serafica,Solsito.pe
mikaylahau,Solsito.pe
kevinprieto077,Solsito.pe
christianfabiannn,Solsito.pe
brotherofcolor,Solsito.pe
gavrilinaa,Solsito.pe
phun.anh,Solsito.pe
tooturnttony,Solsito.pe
baimwong,Solsito.pe
maxtaylorlifts,Solsito.pe
kimberly11sofia,Solsito.pe
lourdasprec,Solsito.pe
katiavlogss,Solsito.pe
itslennnie,Solsito.pe
couragejd,Solsito.pe
karimmahmoudabdelaziz,Solsito.pe
jbdjebb,Solsito.pe
dailymug69,Solsito.pe
superfirsthero,Solsito.pe
cookingwithlynja,Solsito.pe
gordonramsayofficial,Solsito.pe
nabela,Solsito.pe
alexwaarren,Solsito.pe
ayesebastien,Solsito.pe
jamie32bsh,Solsito.pe
maxthemeatguy,Solsito.pe
andy.and.michelle,Solsito.pe
realmsp,Solsito.pe
gameofthrones,Solsito.pe
ameliadimz,Solsito.pe
chris,Solsito.pe
isaach.p,Solsito.pe
billlnai,Solsito.pe
samseats,Solsito.pe
soysuco_ff,Solsito.pe
gaynadia,Solsito.pe
thatlittlepuff,Solsito.pe
lachama4_ff,Solsito.pe
envydo,Solsito.pe
k1lauea,Solsito.pe
noreportar08,Solsito.pe
elrodcontreras,Solsito.pe
k1lauea,Solsito.pe
noreportar08,Solsito.pe
elrodcontreras,Solsito.pe
kpp2179393999,Solsito.pe
elgato,Solsito.pe
carolfermichh,Solsito.pe
montpantoja,Solsito.pe
mmmjoemele,Solsito.pe
1xgoku,Solsito.pe
anthonnyswagg3,Solsito.pe
bjjojo_,Solsito.pe
uberkuloz,Solsito.pe
nilskue,Solsito.pe
mcsilsiloficial,Solsito.pe
labrinth,Solsito.pe
oilywhitehat,Solsito.pe
jacksepticeye,Solsito.pe
marisol.viola,Solsito.pe
strangehumano,Solsito.pe
playboyjuju,Solsito.pe
itsjessibaby,Solsito.pe
bbykevv_,Solsito.pe
nykolasteles,Solsito.pe
morimura,Solsito.pe
danisoomin,Solsito.pe
tenderlybaemusic,Solsito.pe
ig_alongwiranda,Solsito.pe
crisdevilgamer7,Solsito.pe
meishmoe,Solsito.pe
maylathanzin,Solsito.pe
zuuzina,Solsito.pe
jennifergarner,Solsito.pe
seventeen17_official,Solsito.pe
meosimmyyt,Solsito.pe
mariabecerra_22,Solsito.pe
frostech,Solsito.pe
p0_2,Solsito.pe
joelbergs,Solsito.pe
euro2024,Solsito.pe
daz_black,Solsito.pe
claragnds,Solsito.pe
desartdestro,Solsito.pe
camilacabello,Solsito.pe
berkcoskunofficial,Solsito.pe
ser.geybin,Solsito.pe
anthpo,Solsito.pe
erikarichardo,Solsito.pe
thegnshow,Solsito.pe
cx_.q,Solsito.pe
owen.han,Solsito.pe
keniaos,Solsito.pe
angryreactions,Solsito.pe
saraecheagaray,Solsito.pe
ana_eusse,Solsito.pe
ani__mel,Solsito.pe
julianjacob,Solsito.pe
averywit,Solsito.pe
buithanhtuyen2003,Solsito.pe
emilythetrimmer,Solsito.pe
fabru_blacutt,Solsito.pe
yoangelolo,Solsito.pe
virginiafonseca,Solsito.pe
haritsuuu,Solsito.pe
thekapelariz,Solsito.pe
camavinga,Solsito.pe
feezius,Solsito.pe
lights.are.off,Solsito.pe
benjaminmaissecret,Solsito.pe
calebrownn,Solsito.pe
realuser_1,Solsito.pe
anas_elshayib,Solsito.pe
caleb.finn,Solsito.pe
hi_arvans,Solsito.pe
theestallion,Solsito.pe
rubentuestaok,Solsito.pe
kingbach,Solsito.pe
rdcworld1,Solsito.pe
anna..paull,Solsito.pe
drewafualo,Solsito.pe
scottkress_,Solsito.pe
dixiedamelio,Solsito.pe
nianaguerrero,Solsito.pe
benoftheweek,Solsito.pe
maiaknight,Solsito.pe
theovon,Solsito.pe
abbieherbert,Solsito.pe
yazidoe,Solsito.pe
loewhaley,Solsito.pe
georgieanthony,Solsito.pe
.blue_devil,Solsito.pe
ya_gazdanova,Solsito.pe
piperrockelle,Solsito.pe
incorrectlyroce,Solsito.pe
wayeelkaboy10,Solsito.pe
joaoferdnan,Solsito.pe
simpleputin,Solsito.pe
chapaevva,Solsito.pe
lyna_com,Solsito.pe
arigameplays,Solsito.pe
tommyinnit,Solsito.pe
arigameplays,Solsito.pe
tommyinnit,Solsito.pe
alexisomman,Solsito.pe
samadhiza_,Solsito.pe
joerauth_,Solsito.pe
danielarodrice,Solsito.pe
official_kep1er,Solsito.pe
sucss.s,Solsito.pe
veydi_rush,Solsito.pe
davidsiwonchoi,Solsito.pe
livvy,Solsito.pe
catherineealicia,Solsito.pe
bonjee,Solsito.pe
tuckercomedy,Solsito.pe
jennifer_aplicano,Solsito.pe
qonitcah,Solsito.pe
carolcastromx,Solsito.pe
vorostwins,Solsito.pe
tiagodionisio,Solsito.pe
magic_daniell,Solsito.pe
3tl.team,Solsito.pe
nessaabarrett,Solsito.pe
saeemm2002,Solsito.pe
nate.dawg.com,Solsito.pe
larissagloor,Solsito.pe
xshueur,Solsito.pe
cleanpuppy,Solsito.pe
tootymcnooty,Solsito.pe
miakhalifa,Solsito.pe
notraymodeli,Solsito.pe
axelwebber,Solsito.pe
baebyshaa,Solsito.pe
momonatamada,Solsito.pe
nikkietutorials,Solsito.pe
spicyycam_,Solsito.pe
sa_ro01,Solsito.pe
byniaromero,Solsito.pe
_vqsngi.03_,Solsito.pe
oblomoffrecipe,Solsito.pe
yg_treasure_tiktok,Solsito.pe
luq_music,Solsito.pe
bradtheboxer,Solsito.pe
ftedooda,Solsito.pe
