Youtuber_Name,Channel_Name
tseries,T-Series
checkgate,Cocomelon - Nursery Rhymes
setindia,SET India
PewDiePie,PewDiePie
MrBeast6000,MrBeast
✿ Kids Diana Show,✿ Kids Diana Show
Like Nastya,Like Nastya
WWEFanNation,WWE
zeemusiccompany,Zee Music Company
Vlad and Niki,Vlad and Niki
5-Minute Crafts,5-Minute Crafts
kidrauhl,Justin Bieber
GoldminesTelefilms,Goldmines
CanalKondZilla,Canal KondZilla
BANGTANTV,BANGTANTV
sabtv,Sony SAB
ibighit,HYBE LABELS
zeetv,Zee TV
filmigaane,Shemaroo Filmi Gaane
corycotton,Dude Perfect
SmartBooksMedia,Pinkfong Baby Shark - Kids' Songs & Stories
ChuChu TV Nursery Rhymes & Kids Songs,ChuChu TV Nursery Rhymes & Kids Songs
Marshmello,Marshmello
BHOJPURIWAVE,Wave Music
colorstv,Colors TV
aajtaktv,Aaj Tak
sonymusicindiaSME,Sony Music India
tipsmusic,Tips Official
ReinoMariaElenaWalsh,El Reino Infantil
LooLooKids,LooLoo Kids - Nursery Rhymes and Children's Songs
tseriesbhakti,T-Series Bhakti Sagar
Badabun,Badabun
JuegaGerman,JuegaGerman
yrf,YRF
Billie Eilish,Billie Eilish
felipeneto,Felipe Neto
whinderssonnunes,whinderssonnunes
BRIGHT SIDE,BRIGHT SIDE
KatyPerryMusic,Katy Perry
vcsabiavideos,Você Sabia?
infobellshindirhymes,Infobells - Hindi
DjWalkzz,Alan Walker
sonymusicindiaVEVO,SonyMusicIndiaVEVO
Like Nastya Show,Like Nastya Show
speedrecordss,Speed Records
A4,A4
ABSCBNOnline,ABS-CBN Entertainment
getmovies,Get Movies
LuisitoComunicaa,Luisito Comunica
LittleBabyBum,Little Baby Bum - Nursery Rhymes & Kids Songs
TheEllenShow,TheEllenShow
MashaMedvedTV,Маша и Медведь
gr6explode,GR6 EXPLODE
luccasneto,LUCCAS NETO - LUCCAS TOON
venus,Ishtar Music
Kimberly Loaiza,Kimberly Loaiza
ShemarooEnt,Shemaroo
DaddyYankeeOFFTV,Daddy Yankee
Voot Kids,Voot Kids
WorkpointOfficial,WorkpointOfficial
Toys and Colors,Toys and Colors
shfa,shfa
shfa2 - شفا,shfa2 - شفا
SuperSimpleSongs,Super Simple Songs - Kids Songs
Jkk Entertainment,Jkk Entertainment
JbalvinTube,J Balvin
gmmonetv,one31
vegetta777,VEGETTA777
Masha and The Bear,Masha and The Bear
YouTube,YouTube
Goldmines Gaane Sune Ansune,Goldmines Gaane Sune Ansune
markiplierGAME,Markiplier
Like Nastya ESP,Like Nastya ESP
Ryan's World,Ryan's World
abpnewstv,ABP NEWS
NoCopyrightSounds,NoCopyrightSounds
Desi Music Factory,Desi Music Factory
Geet MP3,Geet MP3
Total Gaming,Total Gaming
Maria Clara & JP,Maria Clara & JP
UltraHindi,Ultra Bollywood
tseriesapnapunjab,T-Series Apna Punjab
SSSniperWolf,SSSniperWolf
Mikecrack,Mikecrack
GENIAL,GENIAL
KHANDESHI MOVIES,KHANDESHI MOVIES
tv3official,Ch3Thailand
Luis Fonsi,Luis Fonsi
sonypalindia,Sony PAL
AllTrapNation,Trap Nation
IndiaTV,IndiaTV
cancionesdelagranja,La Granja de Zenón
erosentertainment,Eros Now Music
SMTOWN,SMTOWN
MrBean,Mr Bean
juptube,Galinha Pintadinha
Ricis Official,Ricis Official
rezendeevil,rezendeevil
AH,AH
SpinninRec,Spinnin' Records
latenight,The Tonight Show Starring Jimmy Fallon
tseriesoldisgold,Bollywood Classics
rajshri,Rajshri
harpalgeo,HAR PAL GEO
DisneyMusicVEVO,DisneyMusicVEVO
UltraRecords,Ultra Music
jacksepticeye,jacksepticeye
BabyBus - Kids Songs and Cartoons,BabyBus - Kids Songs and Cartoons
xoxxxoooxo,The Weeknd
TheLateLateShow,The Late Late Show with James Corden
ImagineDragons,ImagineDragons
TalkingTomCat,Talking Tom
toyoraljanahtv,قناة طيور الجنة | toyoraljanahtv
theofficialpeppa,Peppa Pig - Official Channel
Little Angel: Nursery Rhymes & Kids Songs,Little Angel: Nursery Rhymes & Kids Songs
ARY Digital,ARY Digital
WWRBhojpuri,Worldwide Records Bhojpuri
SongsOfIndianCinema,Saregama Music
MrBeast Gaming,MrBeast Gaming
Wow Kidz,Wow Kidz
TheDonato,TheDonato
GMANETWORK,GMANetwork
infobellstamil,infobells - Tamil
TheDiamondMinecart,DanTDM
taylorgangent,Wiz Khalifa
Bounce Patrol - Kids Songs,Bounce Patrol - Kids Songs
WorldStarHipHopTV,WORLDSTARHIPHOP
VanossGaming,VanossGaming
enchufetv,enchufetv
infobellstelugu,infobells - Telugu
LosPolinesios,LosPolinesios
PowerKids,PowerKids
Techno Gamerz,Techno Gamerz
1MILLION Dance Studio,1MILLION Dance Studio
toycantando,toycantando
smosh,Smosh
xSkyHeLLxx,Renato Garcia
AboFlah,AboFlah
zeenews,Zee News
Diana and Roma ESP,Diana and Roma ESP
WatchMojo,WatchMojo.com
Super JoJo - Nursery Rhymes & Kids Songs,Super JoJo - Nursery Rhymes & Kids Songs
Genevieve's Playhouse - Learning Videos for Kids,Genevieve's Playhouse - Learning Videos for Kids
Jess No Limit,Jess No Limit
TwiNboTzVids,Lucas and Marcus
MR. INDIAN HACKER,MR. INDIAN HACKER
jypentertainment,JYP Entertainment
Las Ratitas,Las Ratitas
James Charles,James Charles
davidguettavevo,David Guetta
nickelodeonjuniorfr,Nick Jr.
व्लाद और निकिता,व्लाद और निकिता
ZHC,ZHC
adityamusic,Aditya Music
Logan Paul,Logan Paul
Rans Entertainment,Rans Entertainment
NewOnNetflix,Netflix
Chloe Ting,Chloe Ting
Troom Troom,Troom Troom
Masha y el Oso,Masha y el Oso
Raffy Tulfo in Action,Raffy Tulfo in Action
SesameStreet,Sesame Street
JellyYT,Jelly
ColdplayVEVO,Coldplay
Diana and Roma HIN,Diana and Roma HIN
Mister Max,Mister Max
mildicasdemulher,Erlania e Valentina Pontes
Vlad và Nikita,Vlad và Nikita
DrossRotzank,DrossRotzank
Sandeep Maheshwari,Sandeep Maheshwari
ABP NEWS HINDI,ABP NEWS HINDI
adityacinema,Aditya Movies
Goldmines Dishoom,Goldmines Dishoom
THECHAINSMOKERS,The Chainsmokers
netdmuzikk,netd müzik
Technical Guruji,Technical Guruji
Smile Family,Smile Family
gmmgrammyofficial,GMM GRAMMY OFFICIAL
Anuel AA,Anuel AA
mmoshaya,mmoshaya
Miss Katy,Miss Katy
VenusMovies,Venus Movies
Like Nastya AE,Like Nastya AE
Frost Diamond,Frost Diamond
Tasty,Tasty
WHBBP,White Hill Music
TEDtalksDirector,TED
WB Kids,WB Kids
oRugrat,FaZe Rug
5-Minute Crafts DIY,5-Minute Crafts DIY
AmericasGotTalent,America's Got Talent
CanalCanalha,CanalCanalha
hamaarbhojiwood,Wave Music Bhojpuri
PeppaLatinoAmericano,Peppa Pig Español Latino - Canal Oficial
shemaroomovies,Shemaroo Movies
BabyBus - Canciones Infantiles & Cuentos,BabyBus - Canciones Infantiles & Cuentos
Goldmines Bollywood,Goldmines Bollywood
Diana and Roma ARA,Diana and Roma ARA
The Lallantop,The Lallantop
FGTeeV,FGTeeV
BuzzFeedVideo,BuzzFeedVideo
Baim Paula,Baim Paula
SSundee,SSundee
Like Nastya PRT,Like Nastya PRT
AuthenticGames,AuthenticGames
TheFineBros,REACT
Crazy XYZ,Crazy XYZ
VEVO,Vevo
DisneyChannelLA,Disney Latinoamérica
goldmineshindi,Goldmines Movies
PenIndiaPvtLimited,Pen Movies
HaerteTest,HaerteTest
SlivkiChanel,SlivkiShow
5-Minute Crafts PLAY,5-Minute Crafts PLAY
LazarBeam,LazarBeam
Kids TV - Nursery Rhymes And Baby Songs,Kids TV - Nursery Rhymes And Baby Songs
NationalGeographic,National Geographic
Brave Wilderness,Brave Wilderness
BeckyGOfficial,Becky G
Goldmines Cineplex,Goldmines Cineplex
NewAFI2013,Indosiar Visual Mandiri
rossbollinger,Pencilmation
HumNetwork,HUM TV
PrestonPlayz,Preston
Mnet,Mnet K-POP
CharliesVlogs,Charlie Puth
Totoy kids - Português,Totoy kids - Português
GooodLifeFilms,Lyrical Lemonade
RotanaAudio,Rotana
Crafty Panda,Crafty Panda
Noor Stars,Noor Stars
DLS News,DLS News
Troom Troom Es,Troom Troom Es
starplus,StarPlus
The ACE Family,The ACE Family
toyorbabytv,toyorbabytv
gordonramsay,Gordon Ramsay
gottalentglobal,Got Talent Global
TelenovelaTelevisa,Tlnovelas
Infinite,Infinite
MrVivekBindra,Dr. Vivek Bindra: Motivational Speaker
TheWillyrex,TheWillyrex
UltraMovieParlour,Ultra Movie Parlour
fatosdesconhecidos,Fatos Desconhecidos
TheEnaldinhO,Enaldinho
Vlad and Niki Arabic,Vlad and Niki Arabic
OfficialClashOfClans,Clash of Clans
JimmyKimmelLive,Jimmy Kimmel Live
MARVEL,Marvel Entertainment
RobinHoodGamer1,Robin Hood Gamer
Unbox Therapy,Unbox Therapy
NBA,NBA
Kurzgesagt,Kurzgesagt – In a Nutshell
TRT Originals Urdu,TRT Originals Urdu
CKN,CKN
gmapublicaffairs,GMA Public Affairs
corbuzierprediction,Deddy Corbuzier
Eva Bravo Play,Eva Bravo Play
★ Kids Roma Show,★ Kids Roma Show
shfa show India,shfa show India
Мирошка ТВ,Мирошка ТВ
sonotekvideo,Sonotek
greengoldtv,Green Gold TV - Official Channel
Kinder Spielzeug Kanal,Kinder Spielzeug Kanal
GEN HALILINTAR,GEN HALILINTAR
INCRÍVEL,INCRÍVEL
turmadamonicaTV,Turma da Mônica
DanielSaboya,Dan-Sa / Daniel Saboya
BritainsGotTalent09,Britain's Got Talent
kbsworld,KBS WORLD TV
TheOdd1sOut,TheOdd1sOut
Ninja Kidz TV,Ninja Kidz TV
Brent Rivera,Brent Rivera
PinkPanther,Official Pink Panther
FactTechz,FactTechz
Like Nastya Vlog,Like Nastya Vlog
TheGrefg,TheGrefg
SockeyeMedia,Mother Goose Club Playhouse
Matroix,Ali-A
HiMan,HiMan
rhettandlink2,Good Mythical Morning
CookieSwirlC,CookieSwirlC
ElTrollino,ElTrollino
Naisa Alifia Yuriza (N.A.Y),Naisa Alifia Yuriza (N.A.Y)
EeOneGuy,EeOneGuy
Stubborn Facts,Stubborn Facts
TheElenaYa,Diana and Roma EN
MiawAug,MiawAug
rsiammusic,RsiamMusic : อาร์สยาม
Emiway Bantai,Emiway Bantai
Netflix India,Netflix India
farrukotv,Farruko
dj47maryn,Marmok
portadosfundos,Porta dos Fundos
BabyBus - Cerita & Lagu Anak-anak,BabyBus - Cerita & Lagu Anak-anak
Willyrex,Willyrex
SCTVIndonesia,Surya Citra Televisi
SebastianYatra,Sebastián Yatra
Little Angel Español - Canciones Infantiles,Little Angel Español - Canciones Infantiles
ThePoznavatel,Познаватель
A_S Gaming,A_S Gaming
RobleisIUTU,RobleisIUTU
Guava Juice,Guava Juice
D Billions,D Billions
kidstvsongs,Doggy Doggy Cartoons
aMOODIEsqueezie,SQUEEZIE
Vania Mania Kids,Vania Mania Kids
Heidi & Zidane बच्चों की कहानियाँ,Heidi & Zidane बच्चों की कहानियाँ
The Royalty Family,The Royalty Family
musicalrmastv,الـريماس - Al-Remas
Masha e o Urso,Masha e o Urso
grammygoldofficia,Grammy Gold Official
IGNentertainment,IGN
Sun TV,Sun TV
TEDEducation,TED-Ed
JasonDerulo,Jason Derulo
Tu COSMOPOLIS,Tu COSMOPOLIS
jquintanac5,DeToxoMoroxo
LankyBox,LankyBox
Beast Reacts,Beast Reacts
etvteluguindia,etvteluguindia
ArabGamesNetwork,شبكة العاب العرب | Arab Games Network
invictorgs3,invictor
Vlad and Niki IDN,Vlad and Niki IDN
STARVIJAY,Vijay Television
TheBrianMaps,TheBrianMaps
Rafa & Luiz,Rafa & Luiz
IDEAS EN 5 MINUTOS,IDEAS EN 5 MINUTOS
SUPER SLICK SLIME SAM,SUPER SLICK SLIME SAM
Jane ASMR 제인,Jane ASMR 제인
AnittaOficial,Anitta
jeffreestar,jeffreestar
Canal IN,Canal IN
Sandra Cires Art,Sandra Cires Art
iberethenorio,Manual do Mundo
Antrax,Antrax
zbingzbing,zbing z.
Kiddiestv Hindi - Nursery Rhymes & Kids Songs,Kiddiestv Hindi - Nursery Rhymes & Kids Songs
littlemixmusic,Little Mix
Prajapati News,Prajapati News
Kaykai Salaider,Kaykai Salaider
Kids Play,Kids Play
boyceavenue,Boyce Avenue
failarmy,FailArmy
Apple,Apple
DopeLyrics,DopeLyrics
DUDU e CAROL,DUDU e CAROL
queenofficial,Queen Official
movieclipsTRAILERS,Movieclips Trailers
MatthewPatrick13,The Game Theorists
lescopaque,Les' Copaque Production
Khan GS Research Centre,Khan GS Research Centre
TRANSTVofficial,TRANS TV Official
SonyMusicSouthVEVO,SonyMusicSouthVEVO
RomanAtwoodVlogs,Roman Atwood Vlogs
marquesbrownlee,Marques Brownlee
Village Cooking Channel,Village Cooking Channel
vice,VICE
Aayu and Pihu Show,Aayu and Pihu Show
हिंदी - Genevieve's Playhouse,हिंदी - Genevieve's Playhouse
Kids Channel India - Hindi Rhymes and Baby Songs,Kids Channel India - Hindi Rhymes and Baby Songs
tanboy kun,tanboy kun
El Reino a Jugar,El Reino a Jugar
Triggered Insaan,Triggered Insaan
monstafluffmusicTV,7clouds
Dyland PROS,Dyland PROS
Camila Cabello,Camila Cabello
JenniferLopez,Jennifer Lopez
MegatoadStonie,Matt Stonie
AdMe.ru - Сайт о творчестве,AdMe.ru - Сайт о творчестве
Zappy Toons - Hindi Nursery Rhymes and Stories,Zappy Toons - Hindi Nursery Rhymes and Stories
Blippi - Educational Videos for Kids,Blippi - Educational Videos for Kids
Ivana Alawi,Ivana Alawi
Oyuncak Avı,Oyuncak Avı
Jason Vlogs,Jason Vlogs
portalfitdance,FitDance
Kerajinan 5-Menit,Kerajinan 5-Menit
TheRichest,TheRichest
Goldmines Great Indian Comedy,Goldmines Great Indian Comedy
popchartbusters,Pop Chartbusters
OGatoGalactico,Gato Galactico | GALÁXIA
wifistudy,wifistudy
ntvru,НТВ
Dhar Mann,Dhar Mann
حِرف إبداعية في 5 دقائق,حِرف إبداعية في 5 دقائق
KSIOlajidebtHD,JJ Olatunji
kwebbelkop,Kwebbelkop
RCTI - LAYAR DRAMA INDONESIA,RCTI - LAYAR DRAMA INDONESIA
Junya Official Channel,Junya Official Channel
makeuplocalypse,Mariale
ranziscool,Ranz Kyle
Makiman131,Makiman131
Lachlan,Lachlan
IDEIAS INCRÍVEIS,IDEIAS INCRÍVEIS
IISuperwomanII,Lilly Singh
TalkingFriends,Talking Tom & Friends
CanalTaBombando,LEGENDA FUNK
Planeta das Gêmeas,Planeta das Gêmeas
Dave and Ava - Nursery Rhymes and Baby Songs,Dave and Ava - Nursery Rhymes and Baby Songs
5-Minute Crafts FAMILY,5-Minute Crafts FAMILY
Sony AATH,Sony AATH
AMARINTV : อมรินทร์ทีวี,AMARINTV : อมรินทร์ทีวี
Super Polina,Super Polina
LOKESH GAMER,LOKESH GAMER
News24page,News24
Niana Guerrero,Niana Guerrero
SriBalajiMovies,SriBalajiMovies
Drawblogs,Drawblogs
Sidemen,Sidemen
zncoficial,Zé Neto e Cristiano
Super Senya,Super Senya
newvolgavideo,Volga Video
rkddigital,RKD Studios
hejproducao,Henrique e Juliano
MattyBRaps,MattyBRaps
collegehumor,CollegeHumor
popskids,POPS Kids
La Rosa de Guadalupe,La Rosa de Guadalupe
حقائق وأسرار,حقائق وأسرار
LinusTechTips,Linus Tech Tips
T3DDYgames,T3ddy
indiancomedy,Shemaroo Comedy
XpressTV,XpressTV
Harsh Beniwal,Harsh Beniwal
Like Nastya IDN,Like Nastya IDN
bbtvch7,Ch7HD
chadwildclay,Chad Wild Clay
iTownGamePlay,iTownGamePlay *Terror&Diversión*
MartinGarrix,Martin Garrix
Canal Nostalgia,Canal Nostalgia
With Kids[위드키즈],With Kids[위드키즈]
theslowmoguys,The Slow Mo Guys
LEGO,LEGO
mkmusicnews,MK MUSIC
Daftar Populer,Daftar Populer
Mobile Legends: Bang Bang Official,Mobile Legends: Bang Bang Official
OfficialTrapCity,Trap City
inventonahoratv,Invento na Hora
And TV,And TV
PlayStation,PlayStation
camilaloures,Camila Loures
Genierock,Genierock
Fede Vigevani,Fede Vigevani
It's Mamix,It's Mamix
#Refugio Mental,#Refugio Mental
Gyan Gamingㅤ,Gyan Gamingㅤ
Maha Fun Tv,Maha Fun Tv
Johny FamilyShow,Johny FamilyShow
Arif muhammad,Arif muhammad
AM3NlC,AM3NlC
GMMTVSPOTLIKE,GMMTV OFFICIAL​​
NikkieTutorials,NikkieTutorials
MasterskayaNastroeny,Мастерская Настроения
MRamadanOfficial,Mohamed Ramadan I محمد رمضان
F2Freestylers,F2Freestylers - Ultimate Soccer Skills Channel
BollywoodClassics,Bollywood Classics
Smile Family Spanish,Smile Family Spanish
WWWengie,Wengie
thairathonline,Thairath Online
Sourav Joshi Vlogs,Sourav Joshi Vlogs
TeamFilmsBhojpuri,Team Films Bhojpuri
SOMOY TV,SOMOY TV
bbchindi,BBC News Hindi
Anasala I أنس و أصالة,Anasala I أنس و أصالة
Zach Choi ASMR,Zach Choi ASMR
MAIKI021,MAIKI021
bomberball,Bie The Ska
Doc Tops,Doc Tops
mispastelitosyoutub,Mis Pastelitos
CH8vdo,ช่อง8 : Thai Ch8
Трум Трум,Трум Трум
vetealaversha,Darkar Company Studios
ndtvindia,NDTV India
dangmattsmith,Dang Matt Smith
O Canal do Joãozinho - Little Angel Português,O Canal do Joãozinho - Little Angel Português
zeefilmimusic,Zee Music Classic
Kurt Hugo Schneider,Kurt Hugo Schneider
AzzyLand,AzzyLand
TWICE,TWICE
The World Adventures हिन्दी,The World Adventures हिन्दी
NehaKakkarOfficial,Neha Kakkar
Zach King,Zach King
Daily Dose Of Internet,Daily Dose Of Internet
laharimusic,Lahari Music | T-Series
TheABSCBNNews,ABS-CBN News
CNN,CNN
NOBRU,NOBRU
fcbarcelona,FC Barcelona
A2 Motivation {Arvind Arora},A2 Motivation {Arvind Arora}
crashcourse,CrashCourse
UFC,UFC - Ultimate Fighting Championship
infobells,infobells
pognalishow,Дима Масленников
TazerCraft,TazerCraft
GallinaPintadita,Gallina Pintadita
elcanaldePlimPlim,Plim Plim - Kids Songs & Episodes - Spanish
RosannaPansino,Rosanna Pansino
Online Job,Online Job
Kuplinov ► Play,Kuplinov ► Play
EdisonPts,EdisonPts
MNCTVOfficial,MNCTV Official
Totoy kids - Español,Totoy kids - Español
The LaBrant Fam,The LaBrant Fam
Bizarrap,Bizarrap
Wow Kidz Action,Wow Kidz Action
AtlanticVideos,Atlantic Records
Blippi Español,Blippi Español
CoryxKenshin,CoryxKenshin
theRadBrad,theRadBrad
mymissanand,MyMissAnand
Narins Beauty,Narins Beauty
TV Ana Emilia,TV Ana Emilia
iloveindianmakeup,Anaysa
Auron,Auron
Unspeakable,Unspeakable
narendramodionline,NMF News
Zig & Sharko,Zig & Sharko
The Shiny Peanut,The Shiny Peanut
djzoi0,Everson Zoio
Fun For Kids TV - Hindi Rhymes,Fun For Kids TV - Hindi Rhymes
50CentMusic,50 Cent
News18 India,News18 India
MattSDance,Matt Steffanina
SaturdayNightLive,Saturday Night Live
MrSuicideSheep,MrSuicideSheep
YOLO,YOLO
MrBeast Shorts,MrBeast Shorts
SrtaLynaV,Lyna
MazhavilManorama,Mazhavil Manorama
Desi Gamers,Desi Gamers
ChallengeAcceptedInc,Aphmau
The Q,The Q
Aadishakti Films,Aadishakti Films
O Que Não Dizer Oficial,O Que Não Dizer Oficial
skillzaisherebooya,Conor Maynard
twentyonepilots,twenty one pilots
#Refúgio Mental,#Refúgio Mental
ABCNews,ABC News
DALLMYD,DALLMYD
PozzitifonShow,Поззи
1032010814,TKOR
typicalgamer,Typical Gamer
123 GO! Spanish,123 GO! Spanish
Like Nastya VNM,Like Nastya VNM
Health Time,Health Time
Dangal TV Channel,Dangal TV Channel
Wish 107.5,Wish 107.5
RedeTVhdBrasil,RedeTV
NishaMadhulika,Nisha Madhulika
ETV Jabardasth,ETV Jabardasth
ETV Jabardasth,ETV Jabardasth
canalparafernalha,Parafernalha
Knowledge Tv हिन्दी,Knowledge Tv हिन्दी
JDCav24,ATHLEAN-X™
MusicTalentNow,Top Viral Talent
Vlad and Niki ARA,Vlad and Niki ARA
React,People Vs Food
zeetvtelugu,Zee Telugu
PrestonPlayz,PrestonPlayz
BUDI01 GAMING,BUDI01 GAMING
MstrJames,Hacksmith Industries
Blossom,Blossom
JesseAndMike,JesseAndMike
LOUD,LOUD
Hongyu ASMR 홍유,Hongyu ASMR 홍유
Taarak Mehta Ka Ooltah Chashmah,Taarak Mehta Ka Ooltah Chashmah
htpunjabi,Lokdhun Punjabi
Piuzinho,Piuzinho
DisneyChannelUK,DisneyChannelUK
Meghan Trainor,Meghan Trainor
Juliana Baltar,Juliana Baltar
5-Minute Crafts Recycle,5-Minute Crafts Recycle
أترو/Atro,أترو/Atro
alanalan9635,Stokes Twins
BBC,BBC
AdexeOficial,Adexe & Nau
gymvirtual,gymvirtual
einerdtv,Ei Nerd
Alex Gonzaga Official,Alex Gonzaga Official
Gibby :),Gibby :)
LittleBabyBumEspanol,Little Baby Bum en Español
Melon City Show - برنامج ولاية بطيخ,Melon City Show - برنامج ولاية بطيخ
Troom Troom PT,Troom Troom PT
Jake Fellman,Jake Fellman
jazzghost1,Jazzghost
Like Nastya Stories,Like Nastya Stories
Bela Bagunça,Bela Bagunça
tseriesregional,T-Series Regional
Brawl Stars,Brawl Stars
Crescendo com Luluca,Crescendo com Luluca
PowerfulJRE,PowerfulJRE
bbcnews,BBC News
JustForLaughsTV,Just For Laughs Gags
NORMAN FAIT DES VIDÉOS,NORMAN FAIT DES VIDÉOS
GoldClassics,Goldmines Premiere
awakeningrecords,Awakening Music
OficialPeppa,Peppa Pig em Português Brasil - Canal Oficial
zeebangla,Zee Bangla
MY FAMILY,MY FAMILY
Kabita's Kitchen,Kabita's Kitchen
KaKa Kids TV - Nursery Rhymes Kids Animated Songs,KaKa Kids TV - Nursery Rhymes Kids Animated Songs
EU FICO LOKO,EU FICO LOKO
Zeinab Harake,Zeinab Harake
OReinho,O Reino Infantil
HZHtube Kids Fun,HZHtube Kids Fun
HusamYK,Katakit Baby TV
MrGear,MrGear
Migosatl,Migos ATL
TheDaniRep,DaniRep | +6 Vídeos Diarios De GTA 5 Online!
colinfurze,colinfurze
Planet Earth INDIA,Planet Earth INDIA
karameeshchannel,karameeshchannel
RayWilliamJohnson,Ray William Johnson
Lulu99,Lulu99
Dear Sir,Dear Sir
officialjassrecords,Jass Records
YairAuriazul,Yair17
disneyjunior,Disney Junior
ГЛЕНТ,ГЛЕНТ
Study IQ education,Study IQ education
Más SKabeche,Más SKabeche
My Mate Nate,My Mate Nate
FrontaL Gaming,FrontaL Gaming
Blockbuster Movies,Blockbuster Movies
JOJO TV - Hindi Stories,JOJO TV - Hindi Stories
AvrilLavigne,Avril Lavigne
Dani Russo Tv,Dani Russo Tv
Wolfoo Channel,Wolfoo Channel
MORGENSHTERN,MORGENSHTERN
rebeccazamolo1,Rebecca Zamolo
Ice Cream Rolls,Ice Cream Rolls
TommyInnit,TommyInnit
Morgz,Morgz
TheInfographicsShow,The Infographics Show
1veritasium,Veritasium
Come Play With Me,Come Play With Me
hamaarbhojpuri,T-Series Hamaar Bhojpuri
Troom Troom India,Troom Troom India
YOLO AVENTURAS,YOLO AVENTURAS
TheDodoSite,The Dodo
Panda,Panda
Troom Troom Indonesia,Troom Troom Indonesia
RaptorGamer,RaptorGamer
CrazyRussianHacker,CrazyRussianHacker
Kluna Tik,Kluna Tik
Codiscos,Codiscos
Garena Free Fire LATAM,Garena Free Fire LATAM
LIV Crime,LIV Crime
hoiitsroi,Wassabi
Nat and Essie,Nat and Essie
thinkmusicindia,Think Music India
The MriDul,The MriDul
BanderitaX,BanderitaX
Americanvogue,Vogue
luansantanaoficial,Luan Santana
FIFATV,FIFA
Davie504,Davie504
Mor Haryanvi,Mor Haryanvi
ExpCaseros,ExpCaseros
TsMadaan,TsMadaan
Koo Koo TV - Hindi,Koo Koo TV - Hindi
CHHOTU KI MASTI,CHHOTU KI MASTI
Mythpat,Mythpat
ndtv,NDTV
Ya - Alisa,Ya - Alisa
Coke Studio,Coke Studio
DeGoBooM,DeGoBooM
htbhakti,Sonotek Bhakti
MrTimbaVk,Timba Vk
Yudist Ardhana,Yudist Ardhana
elrubius,Rubius Z
Trakin Tech,Trakin Tech
FelipeViktor,LipaoGamer
CaptainSparklez,CaptainSparklez
ماشا و الدب,ماشا و الدب
MBCMASR,MBC مصر
eltreceok,El Trece
Infobells Bangla,Infobells Bangla
MTV2,Wild 'N Out
DANIEL EL TRAVIESO VIDEOS,DANIEL EL TRAVIESO VIDEOS
UnspeakableGaming,UnspeakableGaming
luzugames,luzugames
lokdhuntv,Wave Music Bhakti
gmanews,GMA News
Sony Music South,Sony Music South
VyQwaint,Vy Qwaint
Wolfoo Family,Wolfoo Family
KompasTVNews,KOMPASTV
MaJa Tv Hindi Stories,MaJa Tv Hindi Stories
Hero Movies 2022,Hero Movies 2022
Rauw Alejandro,Rauw Alejandro
الجانب المُشرق | Bright Side Arabic,الجانب المُشرق | Bright Side Arabic
123 GO!,123 GO!
TastyCompot,Compot
办公室小野 Ms Yeah,办公室小野 Ms Yeah
epicfortnite,Fortnite
Magic Five,Magic Five
Biperysusamigos,Biper y sus Amigos
crackrockcandy,Maymo
FirstWeFeast,First We Feast
realannoyingorange,Annoying Orange
ElRinconDeGiorgio,El Rincón De Giorgio
ExplosmEntertainment,ExplosmEntertainment
Jaiden Animations,Jaiden Animations
Emily Tube,Emily Tube
yogawithadriene,Yoga With Adriene
Mo Vlogs,Mo Vlogs
Star Casablanca | نجوم الدار البيضاء,Star Casablanca | نجوم الدار البيضاء
BBCEarth,BBC Earth
Morphle TV,Morphle TV
Free Fire India Official,Free Fire India Official
YMWayneCarter,Lil Wayne
GoldminesAction,GoldminesAction
coisadenerd,Coisa de Nerd
Vlad and Niki ESP,Vlad and Niki ESP
Alejo Igoa,Alejo Igoa
Simone e Simaria,Simone e Simaria
YoungBoy Never Broke Again,YoungBoy Never Broke Again
TheViralFeverVideos,The Viral Fever
hawkrecord,Single Track Studio
Avocado Couple I Crazy Comics,Avocado Couple I Crazy Comics
mirandasings08,Miranda Sings
watchcut,Cut
oyabakatousan,"Sen, Momo, Ai & Shii's Channel"
pocoyotv,POCOYÓ en ESPAÑOL - Canal Oficial
MashaBearUkraine,Маша та Ведмідь
chotoonz,Chotoonz TV - Funny Cartoons for Kids
Луномосик,Луномосик
barbie,Barbie
Technology Gyan,Technology Gyan
TygaTygaTV,Tyga
comedycentral,Comedy Central
DemolitionRanch,DemolitionRanch
RapGeniusVideo,Genius
WiederDude,WiederDude
E-MasterSensei,E-MasterSensei
CarryisLive,CarryisLive
Juanpa Zurita,Juanpa Zurita
BakLol Video,BakLol Video
HellomaphieMX,HellomaphieMX
Levinho,Levinho
jpgameplayfull,JP Plays
Dan Rhodes,Dan Rhodes
geonews,Geo News
ToysPlay,ToysPlay
bharatzkitchen HINDI,bharatzkitchen HINDI
Área Secreta,Área Secreta
Virgínia Fonseca,Virgínia Fonseca
programagalofrito,Galo Frito
FilmTheorists,The Film Theorists
videogyan,Videogyan Nursery Rhymes - Kids Songs & Cartoons
GamesEduUu,Games EduUu
MC Divertida,MC Divertida
kidstvindia,Kids TV India Hindi Nursery Rhymes
TiempodeSol,Duo Tiempo De Sol
"Baby Big Mouth Kids - Sing, Dance, Explore","Baby Big Mouth Kids - Sing, Dance, Explore"
Quantum Tech HD,Quantum Tech HD
ComedyShortsGamer,Deji
HikakinTV,HikakinTV
storybots,Netflix Jr.
GoProCamera,GoPro
Slogomanify,Slogo
tomiii 11,tomiii 11
Narendra Modi,Narendra Modi
Dobre Brothers,Dobre Brothers
OGGY,OGGY
OYUNCAKOYNUYORUM,OYUNCAKOYNUYORUM
Experienced Mojaraba TV,Experienced Mojaraba TV
rangeldovine,Lucas Rangel
NEXT9NEWS हर खबर आप तक,NEXT9NEWS हर खबर आप तक
Jessica Jane,Jessica Jane
Ceylin - H Official,Ceylin - H Official
stampylonghead,stampylonghead
Flamingo,Flamingo
Golemcito Games,Golemcito Games
Daniel LaBelle,Daniel LaBelle
Vox,Vox
craftingeek,Craftingeek
francinyehlke,Franciny Ehlke
BuzzFeedYellow,As/Is
doctruyencotich,Kênh Thiếu Nhi - BHMEDIA
ChillStepNation,Chill Nation
Acenix,Acenix
Taylor RS,Taylor RS
pinkfongko,핑크퐁 (인기 동요・동화)
SaraBeautyCorner,"SaraBeautyCorner - DIY, Comedy, Makeup, Nail Art"
WarnerBrosPictures,Warner Bros. Pictures
Google,Google
redbull,Red Bull
LA DIVAZA,LA DIVAZA
CJENMMUSIC,Stone Music Entertainment
telugufilmnagar,Telugu Filmnagar
brancoala,Brancoala
Kids smile TV,Kids smile TV
soicon295,Magnet World
Sidhu Moose Wala,Sidhu Moose Wala
AlArabiya,AlArabiya العربية
Troom Troom Arabic,Troom Troom Arabic
MeKcanal,Matheus e Kauan
DuDuPopTOY,DuDuPopTOY
Playing with Rafael,Playing with Rafael
Jamuna TV,Jamuna TV
Cris Devil Gamer,Cris Devil Gamer
prantoniojunior,Pastor Antônio Júnior
Pari's Lifestyle,Pari's Lifestyle
sbtthenoite,The Noite com Danilo Gentili
HISHEdotcom,How It Should Have Ended
penguinz0,penguinz0
destinws2,SmarterEveryDay
Flowers Comedy,Flowers Comedy
lucygerardi43,Luli Pampín
cbstvdinsideedition,Inside Edition
Oum Walid,Oum Walid
Lofi Girl,Lofi Girl
TwinRoozi 쌍둥이 루지,TwinRoozi 쌍둥이 루지
infobellskannada,infobells - Kannada
Mrwhosetheboss,Mrwhosetheboss
TikTak Draw,TikTak Draw
sagahits,SagaHits
Sab kuchh sikho jano,Sab kuchh sikho jano
zeetamil,Zee Tamil
Milena Stepanienco - MILENINHA,Milena Stepanienco - MILENINHA
Wylsacom,Wylsacom
TWO SIDE GAMERS,TWO SIDE GAMERS
aljazeerachannel,AlJazeera Channel قناة الجزيرة
cleanbandit,Clean Bandit
JessicaJulioeBaby,Laurinha e Helena - Clubinho da Laura
Rawan and Rayan,Rawan and Rayan
T-STUDIO,T-STUDIO
TV9 Bharatvarsh,TV9 Bharatvarsh
AsapSCIENCE,AsapSCIENCE
Caso Cerrado,Caso Cerrado
DalasReview,Dalas Review
francoescamilla,Franco Escamilla
Pinkfong en español - Canciones Infantiles,Pinkfong en español - Canciones Infantiles
BE AMAZED,BE AMAZED
Pen Multiplex,Pen Multiplex
0214mex,はじめしゃちょー（hajime）
Republic Bharat,Republic Bharat
Captain Watch Hits,Captain Watch Hits
Влад и Никита,Влад и Никита
Dynamo Gaming,Dynamo Gaming
TomorrowlandChannel,Tomorrowland
VitalyzdTv,VitalyzdTv
вДудь,вДудь
atv,atv
Rachit Rojha,Rachit Rojha
ChuChuTV Hindi,ChuChuTV Hindi
MTV,MTV
Hindi Kahaniya,Hindi Kahaniya
ctctv,СТС
Luan Palomera,Luan Palomera
Hindi Fairy Tales,Hindi Fairy Tales
Hindi Countdown,Hindi Countdown
Diana and Roma IND,Diana and Roma IND
Lorrayne Oliveira,Lorrayne Oliveira
Busy Fun Ltd,Busy Fun Ltd
Goldmines Housefull,Goldmines Housefull
RDCGujarati,RDC Gujarati
Wolfoo's stories,Wolfoo's stories
Juice WRLD,Juice WRLD
jordanmatter,Jordan Matter
whoisjimmy,How Ridiculous
BestCodComedy,BCC Gaming
familyfunpack,Family Fun Pack
makebymarimaria,Mari Maria
Toymong tv 토이몽TV,Toymong tv 토이몽TV
BERTH-OH,BERTH-OH
Comedy Captain,Comedy Captain
Joe HaTTab,Joe HaTTab
NASAtelevision,NASA
historychannel,HISTORY
MSA previously My Story Animated,MSA previously My Story Animated
Nirahua Music World,Nirahua Music World
Nickelodeon,Nickelodeon
Will Smith,Will Smith
Heroine Movies 2022,Heroine Movies 2022
WAMIndiaMovies,Wamindia Movies
shrutiarjunanand,Shruti Arjun Anand
barcroftmedia,truly
5-Minute Recipes,5-Minute Recipes
rathorvideo,Rathore Cassettes
buzzfeedblue,BuzzFeed Multiplayer
5-Minute Crafts LIKE,5-Minute Crafts LIKE
panicopgm,Programa Pânico Lab
RUOK FF,RUOK FF
htv2channel,Vie Channel - HTV2
KiKiDo,KiKiDo
MBCkpop,MBCkpop
Receitas de Pai,Receitas de Pai
TheSyndicateProject,Syndicate
Family Box,Family Box
Sơn Tùng M-TP Official,Sơn Tùng M-TP Official
Peppa Pig Hindi,Peppa Pig Hindi
Vlad and Niki PRT,Vlad and Niki PRT
OneRepublic,OneRepublic
BBCArabicNews,BBC News عربي
The Daily Show with Trevor Noah,The Daily Show with Trevor Noah
Islam Populer,Islam Populer
Viki Show,Viki Show
Raditya Dika,Raditya Dika
mrplotvideos,Mundo Bita
مصطفى GAME OVER,مصطفى GAME OVER
ChennaiExp2013,Red Chillies Entertainment
MrGustavoParodias,Gustavo Paródias
ChuChuTV Español,ChuChuTV Español
welovekamikaze,welovekamikaze
singkingkaraoke,Sing King
EugenBro,EugenBro
KapilComedyNights,Colors Rishtey
Larva2011ani,Larva TUBA
Netflix Latinoamérica,Netflix Latinoamérica
ThePersica,Orkun Işıtmak
TeremokTV,Теремок ТВ
Prince Royce,Prince Royce
قناة وناسة -  Wanasah TV,قناة وناسة -  Wanasah TV
Heidi y Zidane en español,Heidi y Zidane en español
SerbianGamesBL2,Life Hacks & Experiments
mainaCassette,Haryanvi Maina
mamilosmolengas,Mussoumano
sadhguru,Sadhguru
Sonotek Haryanvi,Sonotek Haryanvi
Survival Builder,Survival Builder
luisitorey,luisitorey
Bispo Bruno Leonardo,Bispo Bruno Leonardo
bgfilms,Babish Culinary Universe
5-Minute Crafts TEENS,5-Minute Crafts TEENS
BIBI,BIBI
ZarcortGame,ZarcortGame
DELRECORDS,DEL Records
ehbeefamily,The Bee Family
Eagle Home Entertainments,Eagle Home Entertainments
Ben Azelart,Ben Azelart
PicaPicaVEVO,Pica - Pica Oficial
Talent Recap,Talent Recap
lincolnvelasquez,Cong TV
Garena Free Fire Brasil,Garena Free Fire Brasil
InquisitorMaster,InquisitorMaster
Niki and Gabi,Niki and Gabi
منوعات الكوميديا العراقية,منوعات الكوميديا العراقية
TopMovieClips,TopMovieClips
timesmusicindia,Times Music
DaBaby,DaBaby
Dharma Productions,Dharma Productions
IniTalkShow,Ini Talk Show
BETO GAMER,BETO GAMER
MrStiven Tc,MrStiven Tc
NetflixBRA,Netflix Brasil
JoeyGraceffa,Joey Graceffa
aanandaaudio,Anand Audio
sonyliv,SonyLIV
서은이야기[SeoeunStory],서은이야기[SeoeunStory]
Grandpa Kitchen,Grandpa Kitchen
MrMuselk,Muselk
JoshDub,JoshDub
BrPVPHu3,João Caetano
Power Vision,Power Vision
N1Noobtubers,웃웃TwinsFromRussia
bhaktisongs,Shemaroo Bhakti
The Voice Global,The Voice Global
POPSVIETNAM,POPS MUSIC
CRACKS,CRACKS
hasanjr11,hasanjr11
Adriana Show,Adriana Show
Cleo y Cuquin - Canciones infantiles,Cleo y Cuquin - Canciones infantiles
efdewe,efdewe
SAS-ASMR,SAS-ASMR
fozimozi,Fozi Mozi
sonotektv,Sonotek Music
TeremokSongs,Теремок - Песенки для детей
YFrostA,FROST
DreamworksAnimation,Peacock Kids
RSVDO,rsfriends
Classic Mr Bean,Classic Mr Bean
LetDa Hyper,LetDa Hyper
brunoberti10,Irmãos Berti
Karina Garcia,Karina Garcia
Bhojpuri Movies,Bhojpuri Movies
Dolly and Friends,Dolly and Friends
PlaticaPolinesa,PlaticaPolinesia
Bessan Ismail - بيسان اسماعيل,Bessan Ismail - بيسان اسماعيل
FoxNewsChannel,Fox News
RoosterTeeth,Rooster Teeth
Rayito,Rayito
[햄지]Hamzy,[햄지]Hamzy
monsta,Monsta
Soothing Relaxation,Soothing Relaxation
NFL,NFL
FilterCopy,FilterCopy
Thơ Nguyễn,Thơ Nguyễn
Troom Troom SELECT,Troom Troom SELECT
chetakvideo,Chetak
Denis,Denis
cartoonnetworkuk,Cartoon Network UK
Tom Slime,Tom Slime
FutParódias,FutParódias
EL GATO,EL GATO
CinemaSins,CinemaSins
CricketICC,ICC
BRKsEDU,BRKsEDU
tseries,ImagineDragons
checkgate,ImagineDragons
setindia,ImagineDragons
PewDiePie,ImagineDragons
MrBeast6000,ImagineDragons
✿ Kids Diana Show,ImagineDragons
Like Nastya,ImagineDragons
WWEFanNation,ImagineDragons
zeemusiccompany,ImagineDragons
Vlad and Niki,ImagineDragons
5-Minute Crafts,ImagineDragons
kidrauhl,ImagineDragons
GoldminesTelefilms,ImagineDragons
CanalKondZilla,ImagineDragons
BANGTANTV,ImagineDragons
sabtv,ImagineDragons
ibighit,ImagineDragons
zeetv,ImagineDragons
filmigaane,ImagineDragons
corycotton,ImagineDragons
SmartBooksMedia,ImagineDragons
ChuChu TV Nursery Rhymes & Kids Songs,ImagineDragons
Marshmello,ImagineDragons
BHOJPURIWAVE,ImagineDragons
colorstv,ImagineDragons
aajtaktv,ImagineDragons
sonymusicindiaSME,ImagineDragons
tipsmusic,ImagineDragons
ReinoMariaElenaWalsh,ImagineDragons
LooLooKids,ImagineDragons
tseriesbhakti,ImagineDragons
Badabun,ImagineDragons
JuegaGerman,ImagineDragons
yrf,ImagineDragons
Billie Eilish,ImagineDragons
felipeneto,ImagineDragons
whinderssonnunes,ImagineDragons
BRIGHT SIDE,ImagineDragons
KatyPerryMusic,ImagineDragons
vcsabiavideos,ImagineDragons
infobellshindirhymes,ImagineDragons
DjWalkzz,ImagineDragons
sonymusicindiaVEVO,ImagineDragons
Like Nastya Show,ImagineDragons
speedrecordss,ImagineDragons
A4,ImagineDragons
ABSCBNOnline,ImagineDragons
getmovies,ImagineDragons
LuisitoComunicaa,ImagineDragons
LittleBabyBum,ImagineDragons
TheEllenShow,ImagineDragons
MashaMedvedTV,ImagineDragons
gr6explode,ImagineDragons
luccasneto,ImagineDragons
venus,ImagineDragons
Kimberly Loaiza,ImagineDragons
ShemarooEnt,ImagineDragons
DaddyYankeeOFFTV,ImagineDragons
Voot Kids,ImagineDragons
WorkpointOfficial,ImagineDragons
Toys and Colors,ImagineDragons
shfa,ImagineDragons
shfa2 - شفا,ImagineDragons
SuperSimpleSongs,ImagineDragons
Jkk Entertainment,ImagineDragons
JbalvinTube,ImagineDragons
gmmonetv,ImagineDragons
vegetta777,ImagineDragons
Masha and The Bear,ImagineDragons
YouTube,ImagineDragons
Goldmines Gaane Sune Ansune,ImagineDragons
markiplierGAME,ImagineDragons
Like Nastya ESP,ImagineDragons
Ryan's World,ImagineDragons
abpnewstv,ImagineDragons
NoCopyrightSounds,ImagineDragons
Desi Music Factory,ImagineDragons
Geet MP3,ImagineDragons
Total Gaming,ImagineDragons
Maria Clara & JP,ImagineDragons
UltraHindi,ImagineDragons
tseriesapnapunjab,ImagineDragons
SSSniperWolf,ImagineDragons
Mikecrack,ImagineDragons
GENIAL,ImagineDragons
KHANDESHI MOVIES,ImagineDragons
tv3official,ImagineDragons
Luis Fonsi,ImagineDragons
sonypalindia,ImagineDragons
AllTrapNation,ImagineDragons
IndiaTV,ImagineDragons
cancionesdelagranja,ImagineDragons
erosentertainment,ImagineDragons
SMTOWN,ImagineDragons
MrBean,ImagineDragons
juptube,ImagineDragons
Ricis Official,ImagineDragons
rezendeevil,ImagineDragons
AH,ImagineDragons
SpinninRec,ImagineDragons
latenight,ImagineDragons
tseriesoldisgold,ImagineDragons
rajshri,ImagineDragons
harpalgeo,ImagineDragons
DisneyMusicVEVO,ImagineDragons
UltraRecords,ImagineDragons
jacksepticeye,ImagineDragons
BabyBus - Kids Songs and Cartoons,ImagineDragons
xoxxxoooxo,ImagineDragons
TheLateLateShow,ImagineDragons
ImagineDragons,ImagineDragons
TalkingTomCat,ARY Digital
toyoraljanahtv,ARY Digital
theofficialpeppa,ARY Digital
Little Angel: Nursery Rhymes & Kids Songs,ARY Digital
ARY Digital,ARY Digital
WWRBhojpuri,ARY Digital
SongsOfIndianCinema,ARY Digital
MrBeast Gaming,ARY Digital
Wow Kidz,ARY Digital
TheDonato,GMANetwork
GMANETWORK,GMANetwork
infobellstamil,GMANetwork
TheDiamondMinecart,GMANetwork
taylorgangent,GMANetwork
Bounce Patrol - Kids Songs,GMANetwork
WorldStarHipHopTV,GMANetwork
VanossGaming,VanossGaming
enchufetv,VanossGaming
infobellstelugu,VanossGaming
LosPolinesios,VanossGaming
PowerKids,VanossGaming
Techno Gamerz,VanossGaming
1MILLION Dance Studio,VanossGaming
toycantando,VanossGaming
smosh,VanossGaming
xSkyHeLLxx,VanossGaming
AboFlah,VanossGaming
zeenews,VanossGaming
Diana and Roma ESP,VanossGaming
WatchMojo,MrBeast
Super JoJo - Nursery Rhymes & Kids Songs,MrBeast
Genevieve's Playhouse - Learning Videos for Kids,MrBeast
Jess No Limit,MrBeast
TwiNboTzVids,MrBeast
MR. INDIAN HACKER,MrBeast
jypentertainment,MrBeast
Las Ratitas,MrBeast
James Charles,MrBeast
davidguettavevo,MrBeast
nickelodeonjuniorfr,MrBeast
व्लाद और निकिता,Zee Music Company
ZHC,Zee Music Company
adityamusic,Zee Music Company
Logan Paul,Zee Music Company
Rans Entertainment,Zee Music Company
NewOnNetflix,Zee Music Company
Chloe Ting,Zee Music Company
Troom Troom,Zee Music Company
Masha y el Oso,Zee Music Company
Raffy Tulfo in Action,Zee Music Company
SesameStreet,Zee Music Company
JellyYT,Zee Music Company
ColdplayVEVO,Zee Music Company
Diana and Roma HIN,Zee Music Company
Mister Max,Zee Music Company
mildicasdemulher,Zee Music Company
Vlad và Nikita,Zee Music Company
DrossRotzank,Zee Music Company
Sandeep Maheshwari,Zee Music Company
ABP NEWS HINDI,Zee Music Company
adityacinema,MrBeast
Goldmines Dishoom,MrBeast
THECHAINSMOKERS,MrBeast
netdmuzikk,MrBeast
Technical Guruji,MrBeast
Smile Family,MrBeast
gmmgrammyofficial,MrBeast
Anuel AA,MrBeast
mmoshaya,MrBeast
Miss Katy,MrBeast
VenusMovies,MrBeast
Like Nastya AE,MrBeast
Frost Diamond,MrBeast
Tasty,MrBeast
WHBBP,MrBeast
TEDtalksDirector,MrBeast
WB Kids,MrBeast
oRugrat,MrBeast
5-Minute Crafts DIY,MrBeast
AmericasGotTalent,MrBeast
CanalCanalha,MrBeast
hamaarbhojiwood,MrBeast
PeppaLatinoAmericano,MrBeast
shemaroomovies,MrBeast
BabyBus - Canciones Infantiles & Cuentos,MrBeast
Goldmines Bollywood,MrBeast
Diana and Roma ARA,MrBeast
The Lallantop,MrBeast
FGTeeV,MrBeast
BuzzFeedVideo,MrBeast
Baim Paula,MrBeast
SSundee,MrBeast
Like Nastya PRT,MrBeast
AuthenticGames,MrBeast
TheFineBros,MrBeast
Crazy XYZ,MrBeast
VEVO,MrBeast
DisneyChannelLA,MrBeast
goldmineshindi,MrBeast
PenIndiaPvtLimited,MrBeast
HaerteTest,MrBeast
SlivkiChanel,MrBeast
5-Minute Crafts PLAY,MrBeast
LazarBeam,MrBeast
Kids TV - Nursery Rhymes And Baby Songs,MrBeast
NationalGeographic,MrBeast
Brave Wilderness,MrBeast
BeckyGOfficial,MrBeast
Goldmines Cineplex,MrBeast
NewAFI2013,MrBeast
rossbollinger,MrBeast
HumNetwork,MrBeast
PrestonPlayz,MrBeast
Mnet,MrBeast
CharliesVlogs,MrBeast
Totoy kids - Português,MrBeast
GooodLifeFilms,MrBeast
RotanaAudio,MrBeast
Crafty Panda,MrBeast
Noor Stars,MrBeast
DLS News,MrBeast
Troom Troom Es,MrBeast
starplus,MrBeast
The ACE Family,MrBeast
toyorbabytv,MrBeast
gordonramsay,MrBeast
gottalentglobal,MrBeast
TelenovelaTelevisa,MrBeast
Infinite,MrBeast
MrVivekBindra,MrBeast
TheWillyrex,MrBeast
UltraMovieParlour,MrBeast
fatosdesconhecidos,MrBeast
TheEnaldinhO,MrBeast
Vlad and Niki Arabic,MrBeast
OfficialClashOfClans,MrBeast
JimmyKimmelLive,MrBeast
MARVEL,MrBeast
RobinHoodGamer1,MrBeast
Unbox Therapy,MrBeast
NBA,MrBeast
Kurzgesagt,MrBeast
TRT Originals Urdu,MrBeast
CKN,MrBeast
gmapublicaffairs,MrBeast
corbuzierprediction,MrBeast
Eva Bravo Play,MrBeast
★ Kids Roma Show,MrBeast
shfa show India,MrBeast
Мирошка ТВ,MrBeast
sonotekvideo,MrBeast
greengoldtv,MrBeast
Kinder Spielzeug Kanal,MrBeast
GEN HALILINTAR,MrBeast
INCRÍVEL,MrBeast
turmadamonicaTV,MrBeast
DanielSaboya,MrBeast
BritainsGotTalent09,MrBeast
kbsworld,MrBeast
TheOdd1sOut,MrBeast
Ninja Kidz TV,MrBeast
Brent Rivera,MrBeast
PinkPanther,MrBeast
ndtvindia,Morgz
dangmattsmith,Morgz
O Canal do Joãozinho - Little Angel Português,Morgz
zeefilmimusic,Morgz
Kurt Hugo Schneider,Morgz
AzzyLand,Morgz
TWICE,Morgz
The World Adventures हिन्दी,Morgz
NehaKakkarOfficial,Morgz
Zach King,Morgz
Daily Dose Of Internet,Morgz
laharimusic,Morgz
TheABSCBNNews,Morgz
CNN,Morgz
NOBRU,Morgz
fcbarcelona,Morgz
A2 Motivation {Arvind Arora},Morgz
crashcourse,Morgz
UFC,Morgz
infobells,Morgz
pognalishow,Morgz
TazerCraft,Morgz
GallinaPintadita,Morgz
elcanaldePlimPlim,Morgz
RosannaPansino,Morgz
Online Job,Morgz
Kuplinov ► Play,Morgz
EdisonPts,Morgz
MNCTVOfficial,Morgz
Totoy kids - Español,Morgz
The LaBrant Fam,Morgz
Bizarrap,Morgz
Wow Kidz Action,Morgz
AtlanticVideos,Morgz
Blippi Español,Morgz
CoryxKenshin,Morgz
theRadBrad,Morgz
mymissanand,Morgz
Narins Beauty,Morgz
TV Ana Emilia,Morgz
iloveindianmakeup,Morgz
Auron,Morgz
Unspeakable,Morgz
narendramodionline,Morgz
Zig & Sharko,Morgz
The Shiny Peanut,Morgz
djzoi0,Morgz
Fun For Kids TV - Hindi Rhymes,Morgz
50CentMusic,Morgz
News18 India,Morgz
MattSDance,Morgz
SaturdayNightLive,Morgz
MrSuicideSheep,Morgz
YOLO,Morgz
MrBeast Shorts,Morgz
SrtaLynaV,Morgz
MazhavilManorama,Morgz
Desi Gamers,Morgz
ChallengeAcceptedInc,Morgz
The Q,Morgz
Aadishakti Films,Morgz
O Que Não Dizer Oficial,Morgz
skillzaisherebooya,Morgz
twentyonepilots,Morgz
#Refúgio Mental,Morgz
ABCNews,Morgz
DALLMYD,Morgz
PozzitifonShow,Morgz
1032010814,Morgz
typicalgamer,Morgz
123 GO! Spanish,Morgz
Like Nastya VNM,Morgz
Health Time,Morgz
Dangal TV Channel,Morgz
Wish 107.5,Morgz
RedeTVhdBrasil,Morgz
NishaMadhulika,Morgz
ETV Jabardasth,Morgz
ETV Jabardasth,Morgz
canalparafernalha,Morgz
Knowledge Tv हिन्दी,Morgz
JDCav24,Morgz
MusicTalentNow,Morgz
Vlad and Niki ARA,Morgz
React,Morgz
zeetvtelugu,Morgz
PrestonPlayz,Morgz
BUDI01 GAMING,Morgz
MstrJames,Morgz
Blossom,Morgz
JesseAndMike,Morgz
LOUD,Morgz
Hongyu ASMR 홍유,Morgz
Taarak Mehta Ka Ooltah Chashmah,Morgz
htpunjabi,Morgz
Piuzinho,Morgz
DisneyChannelUK,Morgz
Meghan Trainor,Morgz
Juliana Baltar,Morgz
5-Minute Crafts Recycle,Morgz
أترو/Atro,Morgz
alanalan9635,Morgz
BBC,Morgz
AdexeOficial,Morgz
gymvirtual,Morgz
einerdtv,Morgz
Alex Gonzaga Official,Morgz
Gibby :),Morgz
LittleBabyBumEspanol,Morgz
Melon City Show - برنامج ولاية بطيخ,Morgz
Troom Troom PT,Morgz
Jake Fellman,Morgz
jazzghost1,Morgz
Like Nastya Stories,Morgz
Bela Bagunça,Morgz
tseriesregional,Morgz
Brawl Stars,Morgz
Crescendo com Luluca,Morgz
PowerfulJRE,Morgz
bbcnews,Morgz
JustForLaughsTV,Morgz
NORMAN FAIT DES VIDÉOS,Morgz
GoldClassics,Morgz
awakeningrecords,Morgz
OficialPeppa,Morgz
zeebangla,Morgz
MY FAMILY,Morgz
Kabita's Kitchen,Morgz
KaKa Kids TV - Nursery Rhymes Kids Animated Songs,Morgz
EU FICO LOKO,Morgz
Zeinab Harake,Morgz
OReinho,Morgz
HZHtube Kids Fun,Morgz
HusamYK,Morgz
MrGear,Morgz
Migosatl,Morgz
TheDaniRep,Morgz
colinfurze,Morgz
Planet Earth INDIA,Morgz
karameeshchannel,Morgz
RayWilliamJohnson,Morgz
Lulu99,Morgz
Dear Sir,Morgz
officialjassrecords,Morgz
YairAuriazul,Morgz
disneyjunior,Morgz
ГЛЕНТ,Morgz
Study IQ education,Morgz
Más SKabeche,Morgz
My Mate Nate,Morgz
FrontaL Gaming,Morgz
Blockbuster Movies,Morgz
JOJO TV - Hindi Stories,Morgz
AvrilLavigne,Morgz
Dani Russo Tv,Morgz
Wolfoo Channel,Morgz
MORGENSHTERN,Morgz
rebeccazamolo1,Morgz
Ice Cream Rolls,Morgz
TommyInnit,Morgz
1veritasium,BanderitaX
Come Play With Me,BanderitaX
hamaarbhojpuri,BanderitaX
Troom Troom India,BanderitaX
YOLO AVENTURAS,BanderitaX
TheDodoSite,BanderitaX
Panda,BanderitaX
Troom Troom Indonesia,BanderitaX
RaptorGamer,BanderitaX
CrazyRussianHacker,BanderitaX
Kluna Tik,BanderitaX
Codiscos,BanderitaX
Garena Free Fire LATAM,BanderitaX
LIV Crime,BanderitaX
hoiitsroi,BanderitaX
Nat and Essie,BanderitaX
thinkmusicindia,BanderitaX
The MriDul,BanderitaX
Lofi Girl,Juice WRLD
TwinRoozi 쌍둥이 루지,Juice WRLD
infobellskannada,Juice WRLD
Mrwhosetheboss,Juice WRLD
TikTak Draw,Juice WRLD
sagahits,Juice WRLD
Sab kuchh sikho jano,Juice WRLD
zeetamil,Juice WRLD
Milena Stepanienco - MILENINHA,Juice WRLD
Wylsacom,Juice WRLD
TWO SIDE GAMERS,Juice WRLD
aljazeerachannel,Juice WRLD
cleanbandit,Juice WRLD
JessicaJulioeBaby,Juice WRLD
Rawan and Rayan,Juice WRLD
T-STUDIO,Juice WRLD
TV9 Bharatvarsh,Juice WRLD
AsapSCIENCE,Juice WRLD
Caso Cerrado,Juice WRLD
DalasReview,Juice WRLD
francoescamilla,Juice WRLD
Pinkfong en español - Canciones Infantiles,Juice WRLD
BE AMAZED,Juice WRLD
Pen Multiplex,Juice WRLD
0214mex,Juice WRLD
Republic Bharat,Juice WRLD
Captain Watch Hits,Juice WRLD
Влад и Никита,Juice WRLD
Dynamo Gaming,Juice WRLD
TomorrowlandChannel,Juice WRLD
VitalyzdTv,Juice WRLD
вДудь,Juice WRLD
atv,Juice WRLD
Rachit Rojha,Juice WRLD
ChuChuTV Hindi,Juice WRLD
MTV,The Bee Family
Hindi Kahaniya,The Bee Family
ctctv,The Bee Family
Luan Palomera,The Bee Family
Hindi Fairy Tales,The Bee Family
Hindi Countdown,The Bee Family
Diana and Roma IND,The Bee Family
Lorrayne Oliveira,The Bee Family
Busy Fun Ltd,The Bee Family
Goldmines Housefull,The Bee Family
RDCGujarati,RDC Gujarati
Wolfoo's stories,Wolfoo's stories
tseries,SET India
checkgate,SET India
setindia,SET India
PewDiePie,SET India
MrBeast6000,SET India
✿ Kids Diana Show,WWE
Like Nastya,WWE
WWEFanNation,WWE
zeemusiccompany,The Bee Family
Vlad and Niki,The Bee Family
5-Minute Crafts,The Bee Family
kidrauhl,Justin Bieber
GoldminesTelefilms,Justin Bieber
